taxon,taxon_corrected,lumping_notes,taxon_lumped,non-alga flag,motile_sessile,Notes
Acmaea mitra,Acmaea mitra,,Acmaea mitra,Animal,motile,
Acrochaetium sp.,Acrochaetium sp.,,Acrochaetium sp.,Algae,sessile,
Acrosiphonia arcta,Acrosiphonia arcta,Acrosiphonia,Acrosiphonia,Algae,sessile,
Acrosiphonia coalita,Acrosiphonia coalita,Acrosiphonia,Acrosiphonia,Algae,sessile,
Acrosiphonia,Acrosiphonia sp.,Acrosiphonia,Acrosiphonia,Algae,sessile,
Acrosiphonia sp.,Acrosiphonia sp.,Acrosiphonia,Acrosiphonia,Algae,sessile,
Acrosiphonia combined,Acrosiphonia spp.,Acrosiphonia,Acrosiphonia,Algae,sessile,
Ahnfeltia fastigiata,Ahnfeltia fastigiata,,Ahnfeltia fastigiata,Algae,sessile,
Alaria,Alaria marginata,,Alaria marginata,Algae,sessile,
Alaria marginata,Alaria marginata,,Alaria marginata,Algae,sessile,
Amphipoda,Amphipoda,,Amphipoda,Animal,motile,
Amphiporus,Amphiporus,,Amphiporus,Animal,motile,
Cf. Amphissa columbiana,Amphissa sp.,,Amphissa sp.,Animal,motile,
Analipus japonicus,Analipus japonicus,,Analipus japonicus,Algae,sessile,
Anemone,Anemone,,Anemone,Animal,sessile,
"Anemone, unknown",Anemone,,Anemone,Animal,sessile,
Anthopleura elegantisima,Anthopleura elegantissima,Anthopleura sp.,Anthopleura sp.,Animal,sessile,
Anthopleura elegantissima,Anthopleura elegantissima,Anthopleura sp.,Anthopleura sp.,Animal,sessile,
Anthopleura,Anthopleura sp.,Anthopleura sp.,Anthopleura sp.,Animal,sessile,
Anthopleura xanthagrammica,Anthopleura xanthogrammica,Anthopleura sp.,Anthopleura sp.,Animal,sessile,
Anthopleura xanthgrammica,Anthopleura xanthogrammica,Anthopleura sp.,Anthopleura sp.,Animal,sessile,
Anthopleura xanthogrammica,Anthopleura xanthogrammica,Anthopleura sp.,Anthopleura sp.,Animal,sessile,
Anthopleura zanthogrammica,Anthopleura xanthogrammica,Anthopleura sp.,Anthopleura sp.,Animal,sessile,
Antithamnion defectum,Antithamnion defectum,,Antithamnion defectum,Algae,sessile,
Antithamnionella pacifica,Antithamnionella pacifica,,Antithamnionella pacifica,Algae,sessile,
Balanus glandula,Balanus glandula,Barnacles,Barnacles,Animal,sessile,
Balanus,Balanus sp.,Barnacles,Barnacles,Animal,sessile,
Bangia,Bangia sp.,,Bangia sp.,Algae,sessile,
Bangia sp.,Bangia sp.,,Bangia sp.,Algae,sessile,
Bare rock,Bare rock,,Bare rock,Substratum,NA,
Bare Rock,Bare rock,,Bare rock,Substratum,NA,
BARE ROCK,Bare rock,,Bare rock,Substratum,NA,
BARE ROCK / SUBSTRATE,Bare rock,,Bare rock,Substratum,NA,
BARE SAND,Bare rock,,Bare rock,Substratum,NA,
Barnacle,Barnacle,Barnacles,Barnacles,Animal,sessile,
Barnacle sp.,Barnacle,Barnacles,Barnacles,Animal,sessile,
Barnacles,Barnacle,Barnacles,Barnacles,Animal,sessile,
Bittium?,Bittium,,Bittium,Animal,motile,
Black spots on Fucus,Black spots on Fucus,,Black spots on Fucus,NA,sessile,
Blidingia dawsonii,Blidingia dawsonii,Blidingia,Blidingia,Algae,sessile,
Blidingia minima,Blidingia minima,Blidingia,Blidingia,Algae,sessile,
Blidingia sp.,Blidingia sp.,Blidingia,Blidingia,Algae,sessile,
Bossiella californica,Bossiella californica,Bossiella_articulate,Bossiella_articulate,Algae,sessile,
Bossiella dichotoma,Bossiella dichotoma,Bossiella_articulate,Bossiella_articulate,Algae,sessile,
Bossiella exarticulata,Bossiella exarticulata,Bossiella_crust,Bossiella_crust,Algae,sessile,
Bossiella flexulosa,Bossiella flexulosa,Bossiella_articulate,Bossiella_articulate,Algae,sessile,
Bosiella frondescens,Bossiella frondescens,Bossiella_articulate,Bossiella_articulate,Algae,sessile,
Bossiella frondenscens,Bossiella frondescens,Bossiella_articulate,Bossiella_articulate,Algae,sessile,
Bossiella frondescens,Bossiella frondescens,Bossiella_articulate,Bossiella_articulate,Algae,sessile,
Bossiella frondifera,Bossiella frondifera,Bossiella_articulate,Bossiella_articulate,Algae,sessile,
Bossiella hakaiensis,Bossiella hakaiensis,Bossiella_articulate,Bossiella_articulate,Algae,sessile,
Bossiella manzae,Bossiella manzae,Bossiella_articulate,Bossiella_articulate,Algae,sessile,
Bossiella mayae,Bossiella mayae,Bossiella_crust,Bossiella_crust,Algae,sessile,
Bossiella plumosa,Bossiella plumosa,Bossiella_articulate,Bossiella_articulate,Algae,sessile,
Bossiella plumosa?,Bossiella plumosa,Bossiella_articulate,Bossiella_articulate,Algae,sessile,
Bossiella pseudodichotoma,Bossiella pseudodichotoma,Bossiella_articulate,Bossiella_articulate,Algae,sessile,
Bossiella reptans,Bossiella reptans,Bossiella_articulate,Bossiella_articulate,Algae,sessile,
Bossiella,Bossiella sp.,Bossiella_articulate,Bossiella_articulate,Algae,sessile,
Bossiella mayae/exarticulata,Bossiella sp. (crust),Bossiella_crust,Bossiella_crust,Algae,sessile,
Pseudolithophyllum whidbeyense,Bossiella sp. (crust),Bossiella_crust,Bossiella_crust,Algae,sessile,
Bossiella sp.2 chiloensis,Bossiella sp.2 chiloensis,Bossiella_articulate,Bossiella_articulate,Algae,sessile,
Bossiella sp.2chiloensis,Bossiella sp.2 chiloensis,Bossiella_articulate,Bossiella_articulate,Algae,sessile,
Bossiella sp.4 chiloensis,Bossiella sp.4 chiloensis,Bossiella_articulate,Bossiella_articulate,Algae,sessile,
Bossiella sp.5 chiloensis,Bossiella sp.5 chiloensis,Bossiella_articulate,Bossiella_articulate,Algae,sessile,
Bossiella sp.5 chiloensis [flexuosa],Bossiella sp.5 chiloensis,Bossiella_articulate,Bossiella_articulate,Algae,sessile,
Brittle star,Brittle star,,Brittle star,Animal,motile,
Brown crust,Brown crust,,Ralfsioid,Algae,sessile,
Bryozoan,Bryozoan,,Bryozoan,Animal,sessile,
Bryozoans,Bryozoan,,Bryozoan,Animal,sessile,
Encrusting bryozoan,Bryozoan,,Bryozoan,Animal,sessile,
Unknown orange encrusting bryozoan,Bryozoan,,Bryozoan,Animal,sessile,
Calliarthron tuberculosum,Calliarthron tuberculosum,,Calliarthron tuberculosum,Algae,sessile,
Calliostoma,Calliostoma,,Calliostoma,Animal,motile,
Callithamnion pikeanum,Callithamnion pikeanum,,Callithamnion pikeanum,Algae,sessile,
Callophyllis sp.,Callophyllis sp.,,Callophyllis sp.,Algae,sessile,
Ceramium codicola,Ceramium codicola,,Ceramium codicola,Algae,sessile,
Ceramium pacificum,Ceramium pacificum,,Ceramium pacificum,Algae,sessile,
Chaetomorpha cannabina,Chaetomorpha cannabina,,Chaetomorpha cannabina,Algae,sessile,
Chiharaea bodegensis,Chiharaea bodegensis,,Chiharaea bodegensis,Algae,sessile,
Chiharaea rhododactyla,Chiharaea rhododactyla,,Chiharaea rhododactyla,Algae,sessile,
Chiharaea silvae,Chiharaea silvae,,Chiharaea silvae,Algae,sessile,
Chiton,Chiton,,Chiton,Animal,motile,
Chitons,Chiton,,Chiton,Animal,motile,
Other Chiton,Chiton,,Chiton,Animal,motile,
Other chitons,Chiton,,Chiton,Animal,motile,
Chlorostoma,Chlorostoma sp.,,Chlorostoma sp.,Animal,motile,
Chlorostoma snails,Chlorostoma sp.,,Chlorostoma sp.,Animal,motile,
Chthalamus,Chthamalus dalli,Barnacles,Barnacles,Animal,sessile,
Chthamalus,Chthamalus dalli,Barnacles,Barnacles,Animal,sessile,
Chthamalus dalli,Chthamalus dalli,Barnacles,Barnacles,Animal,sessile,
Chthamalus sp.,Chthamalus dalli,Barnacles,Barnacles,Animal,sessile,
Cladophora columbiana,Cladophora columbiana,,Cladophora columbiana,Algae,sessile,
Cladophora sericea,Cladophora sericea,,Cladophora sericea,Algae,sessile,
Cladophora stimpsonii,Cladophora stimpsonii,,Cladophora stimpsonii,Algae,sessile,
Clam,Clam,,Clam,Animal,motile,
"Clam hole, alive",Clam hole,,Clam hole,Animal,motile,
"Clam shell, dead",Clam shell,,Clam shell,Substratum,NA,
Codium fragile,Codium fragile,,Codium fragile,Algae,sessile,
Codium setchelii,Codium setchellii,,Codium setchellii,Algae,sessile,
Codium setchellii,Codium setchellii,,Codium setchellii,Algae,sessile,
Collinsiella tuberculata,Collinsiella tuberculata,,Collinsiella tuberculata,Algae,sessile,
Colonial Diatoms,Colonial Diatoms,,Colonial Diatoms,Algae,sessile,
"Diatoms, colonial",Colonial Diatoms,,Colonial Diatoms,Algae,sessile,
Colpomenia bullosa,Colpomenia bullosa,,Colpomenia bullosa,Algae,sessile,
Colpomenia peregrina,Colpomenia peregrina,,Colpomenia peregrina,Algae,sessile,
Constantinea subulifera,Constantinea subulifera,,Constantinea subulifera,Algae,sessile,
Corallina arbuscula,Corallina arbuscula,Corallina,Corallina,Algae,sessile,
Corallina frondescens,Corallina frondescens,Corallina,Corallina,Algae,sessile,
Corallina officianalis,Corallina officinalis,Corallina,Corallina,Algae,sessile,
Corallina officinalis,Corallina officinalis,Corallina,Corallina,Algae,sessile,
Corallina,Corallina sp.,Corallina,Corallina,Algae,sessile,
Corallina sp.,Corallina sp.,Corallina,Corallina,Algae,sessile,
Corallina sp. 2,Corallina sp.,Corallina,Corallina,Algae,sessile,
Corallina sp.1 california,Corallina sp.,Corallina,Corallina,Algae,sessile,
Corallina sp.2,Corallina sp.,Corallina,Corallina,Algae,sessile,
Corallina sp.1 frondescens,Corallina sp.1 frondescens,Corallina,Corallina,Algae,sessile,
Corallina sp.2 frondescens,Corallina sp.2 frondescens,Corallina,Corallina,Algae,sessile,
Corallina vancouveriensis,Corallina vancouveriensis,Corallina,Corallina,Algae,sessile,
"Corallina crust, unknown",Coralline crust,#assumed to be different species than identifiable crusts,Unknown CCA,Algae,sessile,
"Coralline crust, unknown",Coralline crust,#assumed to be different species than identifiable crusts,Unknown CCA,Algae,sessile,
Encrusting coralline,coralline crust,#assumed to be different species than identifiable crusts,Unknown CCA,Algae,sessile,
Encrusting corallines,coralline crust,#assumed to be different species than identifiable crusts,Unknown CCA,Algae,sessile,
Encrusting Corraline,coralline crust,#assumed to be different species than identifiable crusts,Unknown CCA,Algae,sessile,
Unknown coralline crust,coralline crust,#assumed to be different species than identifiable crusts,Unknown CCA,Algae,sessile,
Costaria costata,Costaria costata,,Costaria costata,Algae,sessile,
Sculpin,Cottoidea,,Cottoidea,Animal,motile,
Tidepool sculpin,Cottoidea,,Cottoidea,Animal,motile,
Crab,Crab,,Crab,Animal,motile,
Crusticorallina muricata,Crusticorallina muricata,,Crusticorallina muricata,Algae,sessile,
Crusticorallina muricatum,Crusticorallina muricata,,Crusticorallina muricata,Algae,sessile,
Cryptochiton,Cryptochiton,,Cryptochiton,Animal,motile,
Cryptosiphonia woodii,Cryptosiphonia woodii,,Cryptosiphonia woodii,Algae,sessile,
Orange sea cucumber,Cucumaria miniata,,Cucumaria miniata,Animal,motile,
Cumathamnion decipiens,Cumathamnion decipiens,,Cumathamnion decipiens,Algae,sessile,
Delesseria decipiens,Cumathamnion decipiens,,Cumathamnion decipiens,Algae,sessile,
Dermasterias,Dermasterias,,Dermasterias,Animal,motile,
Desmarestia aculeata,Desmarestia aculeata,,Desmarestia aculeata,Algae,sessile,
Desmarestia ligulata,Desmarestia ligulata,,Desmarestia ligulata,Algae,sessile,
Dictyosiphon,Dictyosiphon foeniculaceus,,Dictyosiphon foeniculaceus,Algae,sessile,
Dictyosiphon foeniculaceus,Dictyosiphon foeniculaceus,,Dictyosiphon foeniculaceus,Algae,sessile,
Dilsea,Dilsea californica,,Dilsea californica,Algae,sessile,
Dilsea californica,Dilsea californica,,Dilsea californica,Algae,sessile,
Ectocarpus commensalis,Ectocarpus commensalis,,Ectocarpus commensalis,Algae,sessile,
Ectocarpus siliculosus,Ectocarpus siliculosus,,Ectocarpus siliculosus,Algae,sessile,
Ectocarpus,Ectocarpus sp.,,Ectocarpus sp.,Algae,sessile,
Egregia menziesii,Egregia menziesii,,Egregia menziesii,Algae,sessile,
Elachista fucicola,Elachista fucicola,,Elachista fucicola,Algae,sessile,
Endocladia muricata,Endocladia muricata,,Endocladia muricata,Algae,sessile,
Erythrotrichia carnea,Erythrotrichia carnea,,Erythrotrichia carnea,Algae,sessile,
Farlowia mollis,Farlowia mollis,,Farlowia mollis,Algae,sessile,
Fauchea sp.,Fauchea sp.,,Fauchea sp.,Algae,sessile,
Feather duster worm,Feather duster worm,,Feather duster worm,Animal,sessile,
Feldmannia irregularis,Feldmannia irregularis,,Feldmannia irregularis,Algae,sessile,
Fish,Fish,,Fish,Animal,motile,
Flustralidra,Flustralidra,,Flustralidra,Animal,sessile,
Flustrella,Flustralidra,,Flustralidra,Animal,sessile,
Frederikia sp.,Frederikia sp.,,Frederikia sp.,Algae,sessile,
Fucus distichus,Fucus distichus,,Fucus distichus,Algae,sessile,
Fucus distichus subsp. evanescens,Fucus distichus,,Fucus distichus,Algae,sessile,
Gammaridae,Gammaridae,,Gammaridae,Animal,motile,
Gelidium sp.,Gelidium sp.,,Gelidium sp.,Algae,sessile,
Gloiopeltis furcata,Gloiopeltis furcata,,Gloiopeltis furcata,Algae,sessile,
Gobiosox,Gobiesox,,Gobiesox,Animal,motile,
Gobisox,Gobiesox,,Gobiesox,Animal,motile,
Gracilaria pacifica,Gracilaria pacifica,,Gracilaria pacifica,Algae,sessile,
Halichondria,Halichondria,Halichondria,Halichondria,Animal,sessile,
Halichondria panicea,Halichondria panicea,Halichondria,Halichondria,Animal,sessile,
Haliclona,Haliclona,,Haliclona,Animal,sessile,
Halosaccion glandiforme,Halosaccion glandiforme,,Halosaccion glandiforme,Algae,sessile,
Cf. Hapalogaster mertensii,Haplogaster sp.,,Haplogaster sp.,Animal,motile,
Hemigrapsis ?,Hemigrapsis sp.,,Hemigrapsis sp.,Animal,motile,
Hemigrapsis sp. ?,Hemigrapsis sp.,,Hemigrapsis sp.,Animal,motile,
Hemigrapsus,Hemigrapsis sp.,,Hemigrapsis sp.,Animal,motile,
Shore Crab,Hemigrapsis sp.,,Hemigrapsis sp.,Animal,motile,
Small crab,Hemigrapsis sp.,,Hemigrapsis sp.,Animal,motile,
Henricia,Henricia,,Henricia,Animal,motile,
Herposiphonia plumula,Herposiphonia plumula,,Herposiphonia plumula,Algae,sessile,
Hildenbrandia occidentalis,Hildenbrandia occidentalis,Hildenbrandia,Hildenbrandia,Algae,sessile,
Hildenbrandia thick,Hildenbrandia occidentalis,Hildenbrandia,Hildenbrandia,Algae,sessile,
Hildenbrandia rubra,Hildenbrandia rubra,Hildenbrandia,Hildenbrandia,Algae,sessile,
Hildenbrandia,Hildenbrandia sp.,Hildenbrandia,Hildenbrandia,Algae,sessile,
Hildenbrandia sp.,Hildenbrandia sp.,Hildenbrandia,Hildenbrandia,Algae,sessile,
Hildenbrandia transparent,Hildenbrandia sp.,Hildenbrandia,Hildenbrandia,Algae,sessile,
Hollenbergia subulata,Hollenbergia subulata,,Hollenbergia subulata,Algae,sessile,
Erect hydroid,Hydroid,,Hydroid,Animal,sessile,
Hydroid,Hydroid,,Hydroid,Animal,sessile,
Hymenena setchellii,Hymenena setchellii,Hymenena,Hymenena,Algae,sessile,
Cryptopleura,Hymenena sp.,Hymenena,Hymenena,Algae,sessile,
Hymenena / Cryptopleura sp.,Hymenena sp.,Hymenena,Hymenena,Algae,sessile,
Hymenena sp.,Hymenena sp.,Hymenena,Hymenena,Algae,sessile,
Hymenena/Cryptopleura,Hymenena sp.,Hymenena,Hymenena,Algae,sessile,
Hymenena/Cryptopleura curly,Hymenena sp.,Hymenena,Hymenena,Algae,sessile,
Nitophyllum dotyi,Hymenena sp.,Hymenena,Hymenena,Algae,sessile,
Nitophyllum dotyi ?,Hymenena sp.,Hymenena,Hymenena,Algae,sessile,
Nitophyllum sp.,Hymenena sp.,Hymenena,Hymenena,Algae,sessile,
Isopoda,Isopoda,,Isopoda,Animal,motile,
Jingle,Jingle,,Jingle,Animal,sessile,
Johansenia macmillanii,Johansenia macmillanii,,Johansenia macmillanii,Algae,sessile,
Katharina,Katharina tunicata,,Katharina tunicata,Animal,motile,
Katharina tunicata,Katharina tunicata,,Katharina tunicata,Animal,motile,
Kornmannia leptoderma,Kornmannia leptoderma,,Kornmannia leptoderma,Algae,sessile,
Lacuna,Lacuna sp.,,Lacuna sp.,Animal,motile,
Laminaria setchellii,Laminaria setchellii,,Laminaria setchellii,Algae,sessile,
Laminaria yezoensis,Laminaria yezoensis,,Laminaria yezoensis,Algae,sessile,
Leathesia marina,Leathesia marina,,Leathesia marina,Algae,sessile,
Leptasterias,Leptasterias sp.,,Leptasterias sp.,Animal,motile,
Leptasterius,Leptasterias sp.,,Leptasterias sp.,Animal,motile,
Leptofauchea sp.,Leptofauchea sp.,,Leptofauchea sp.,Algae,sessile,
Leptofauscia,Leptofauchea sp.,,Leptofauchea sp.,Algae,sessile,
Ligia,Ligia sp.,,Ligia sp.,Animal,motile,
Limpet,Limpet,,Limpet,Animal,motile,
Lithophyllum impressum,Lithophyllum impressum,Lithophyllum,Lithophyllum,Algae,sessile,
Lithophyllum sp.,Lithophyllum sp.,Lithophyllum,Lithophyllum,Algae,sessile,
Lithophyllum sp. 1,Lithophyllum sp. 1,Lithophyllum,Lithophyllum,Algae,sessile,
Lithophyllum sp.1,Lithophyllum sp. 1,Lithophyllum,Lithophyllum,Algae,sessile,
Lithophyllum sp. 2,Lithophyllum sp. 2,Lithophyllum,Lithophyllum,Algae,sessile,
Lithophyllum sp.2,Lithophyllum sp. 2,Lithophyllum,Lithophyllum,Algae,sessile,
Lithophyllum sp.8,Lithophyllum sp. 8,Lithophyllum,Lithophyllum,Algae,sessile,
Lithothamnion glaciale,Lithothamnion glaciale,,Lithothamnion glaciale,Algae,sessile,
Lithothamnion phymatodeon,Lithothamnion phymatodeum,,Lithothamnion phymatodeum,Algae,sessile,
Lithothamnion phymatodeum,Lithothamnion phymatodeum,,Lithothamnion phymatodeum,Algae,sessile,
Littorina scutulata,Littorina scutulata,,Littorina scutulata,Animal,motile,
Littorina,Littorina sp.,,Littorina sp.,Animal,motile,
Littorine snails,Littorina sp.,,Littorina sp.,Animal,motile,
Littornia,Littorina sp.,,Littorina sp.,Animal,motile,
Lomentaria hakodatensis,Lomentaria hakodatensis,,Lomentaria hakodatensis,Algae,sessile,
Lophopanopeus bellusopeus bellusopeus bellusopeus bellus,Lophopanopeus bellusopeus,,Lophopanopeus bellusopeus,Animal,motile,
Lottia,Lottia sp.,,Lottia sp.,Animal,motile,
Lottia spp,Lottia sp.,,Lottia sp.,Animal,motile,
Macrocystis pyrifera,Macrocystis pyrifera,,Macrocystis pyrifera,Algae,sessile,
Mastocarpus agardhii,Mastocarpus agardhii,,Mastocarpus agardhii,Algae,sessile,"M. agardhii is distinct from others, but we will have to do something with these!!"
Mastocarpus alaskensis,Mastocarpus alaskensis,,Mastocarpus alaskensis,Algae,sessile,REVISIT
Mastocarpus intermedius,Mastocarpus intermedius,,Mastocarpus intermedius,Algae,sessile,REVISIT
Mastocarpus latissimus,Mastocarpus latissimus,,Mastocarpus latissimus,Algae,sessile,REVISIT
Mazzaella latissimus,Mastocarpus latissimus,,Mastocarpus latissimus,Algae,sessile,REVISIT
Mastocarpus pachenicus,Mastocarpus pachenicus,,Mastocarpus pachenicus,Algae,sessile,REVISIT
Mastocarpus rigidus,Mastocarpus rigidus,,Mastocarpus rigidus,Algae,sessile,REVISIT
Mastocarpus sp,Mastocarpus sp,,Mastocarpus sp,Algae,sessile,REVISIT
Mastocarpus sp.,Mastocarpus sp,,Mastocarpus sp,Algae,sessile,REVISIT
Mastocarpus spp,Mastocarpus sp,,Mastocarpus sp,Algae,sessile,REVISIT
Mazzaella oregona,Mazzaella oregona,,Mazzaella oregona,Algae,sessile,
Mazzaella cf. parksii,Mazzaella parksii,,Mazzaella parksii,Algae,sessile,
Mazzaella parksii,Mazzaella parksii,,Mazzaella parksii,Algae,sessile,
Mazzaella cf. parvula,Mazzaella parvula,,Mazzaella parvula,Algae,sessile,
Mazzaella parvula,Mazzaella parvula,,Mazzaella parvula,Algae,sessile,
Mazzaella rigidus,Mazzaella rigidus,,Mazzaella rigidus,Algae,sessile,
Mazzaella splendens,Mazzaella splendens,,Mazzaella splendens,Algae,sessile,
Melanosiphon intestinalis,Melanosiphon intestinalis,,Melanosiphon intestinalis,Algae,sessile,
Melobesia,Melobesia sp.,,Melobesia sp.,Algae,sessile,
Melobesia mediocris,Melobesia sp.,,Melobesia sp.,Algae,sessile,
Melobesia sp,Melobesia sp.,,Melobesia sp.,Algae,sessile,
Red urchin,Mesocentrotus franciscanus,,Mesocentrotus franciscanus,Animal,motile,
Mesophyllum vancouveriense,Mesophyllum vancouveriense,,Mesophyllum vancouveriense,Algae,sessile,
Microcladia borealis,Microcladia borealis,,Microcladia borealis,Algae,sessile,
Monostroma grevillei,Monostroma grevillei,,Monostroma grevillei,Algae,sessile,
Mopalia,Mopalia sp.,,Mopalia sp.,Animal,motile,
Mysid,Mysid,,Mysid,Animal,motile,
Mussel,Mytilus sp.,,Mytilus sp.,Animal,sessile,
Mytillus sp.,Mytilus sp.,,Mytilus sp.,Animal,sessile,
Mytilus,Mytilus sp.,,Mytilus sp.,Animal,sessile,
Mytilus trossulus,Mytilus trossulus,,Mytilus trossulus,Animal,sessile,
Nemalion,Nemalion helminthoides,,Nemalion helminthoides,Algae,sessile,
Nemalion helminthoides,Nemalion helminthoides,,Nemalion helminthoides,Algae,sessile,
Nemertean,Nemertea,,Nemertea,Animal,motile,
Nemertean worm,Nemertea,,Nemertea,Animal,motile,
Agarum fimbriatum,Neoagarum fimbriatum,,Neoagarum fimbriatum,Algae,sessile,
Neodilsea borealis,Neodilsea borealis,,Neodilsea borealis,Algae,sessile,
Neodilsia borealis,Neodilsea borealis,,Neodilsea borealis,Algae,sessile,
Neogastroclonium subarticulatum,Neogastroclonium subarticulatum,,Neogastroclonium subarticulatum,Algae,sessile,
Clathromorphum Neopolyporolithon reclinatum,Neopolyporolithon reclinatum,,Neopolyporolithon reclinatum,Algae,sessile,
Clathromorphum reclinatum,Neopolyporolithon reclinatum,,Neopolyporolithon reclinatum,Algae,sessile,
Clathromorphum reclunatum,Neopolyporolithon reclinatum,,Neopolyporolithon reclinatum,Algae,sessile,
Neopolyporolithon reclinatum,Neopolyporolithon reclinatum,,Neopolyporolithon reclinatum,Algae,sessile,
Neorhodomela aculeata,Neorhodomela aculeata,,Neorhodomela aculeata,Algae,sessile,
Neorhodomela larix,Neorhodomela larix,,Neorhodomela larix,Algae,sessile,
Neorhodomela oregona,Neorhodomela oregona,,Neorhodomela oregona,Algae,sessile,
Neorhodomela oregona?,Neorhodomela oregona,,Neorhodomela oregona,Algae,sessile,
Nereid worm,Nereid,,Nereid,Animal,motile,
Nereocystis luetkeana,Nereocystis luetkeana,,Nereocystis luetkeana,Algae,sessile,
Nucella lamellosa,Nucella lamellosa,Nucella,Nucella,Animal,motile,
Nucella,Nucella sp.,Nucella,Nucella,Animal,motile,
Nucella sp.,Nucella sp.,Nucella,Nucella,Animal,motile,
Nudibranch,Nudipleura,,Nudipleura,Animal,motile,
Odonthalia floccosa,Odonthalia floccosa,,Odonthalia floccosa,Algae,sessile,These are distinct
Odonthalia floccosa f. comosa,Odonthalia floccosa f. comosa,,Odonthalia floccosa f. comosa,Algae,sessile,These are distinct
Onchidella borealis,Onchidella borealis,Onchidella,Onchidella,Animal,motile,
Onchidella,Onchidella sp.,Onchidella,Onchidella,Animal,motile,
Opuntiella californica,Opuntiella californica,,Opuntiella californica,Algae,sessile,
Osmundea spectabilis,Osmundea spectabilis,,Osmundea spectabilis,Algae,sessile,
Hermit crabs,Pagarus sp.,,Pagarus sp.,Animal,motile,
Pagurus,Pagarus sp.,,Pagarus sp.,Animal,motile,
Pagurus spp,Pagarus sp.,,Pagarus sp.,Animal,motile,
Pagurus spp.,Pagarus sp.,,Pagarus sp.,Animal,motile,
Palmaria hecatensis,Palmaria hecatensis,,Palmaria hecatensis,Algae,sessile,
Palmaria mollis,Palmaria mollis,,Palmaria mollis,Algae,sessile,
Idotea,Pentidotea sp.,,Pentidotea sp.,Animal,motile,
Pentidotea,Pentidotea sp.,,Pentidotea sp.,Animal,motile,
Petalonia,Petalonia fascia,,Petalonia fascia,Algae,sessile,
Petalonia fascia,Petalonia fascia,,Petalonia fascia,Algae,sessile,
Petrocelis,Petrocelis,,Petrocelis,Algae,sessile,
Petrocelis thick,Petrocelis,,Petrocelis,Algae,sessile,
Petrocelis thin,Petrocelis,,Petrocelis,Algae,sessile,
Peyssonnelia,Peyssonnelia sp.,,Peyssonnelia sp.,Algae,sessile,
Peyssonnelia sp.,Peyssonnelia sp.,,Peyssonnelia sp.,Algae,sessile,
Pholidae,Pholidae,,Pholidae,Animal,motile,
Phycodrys fimbriata ?,Phycodrys sp.,,Phycodrys sp.,Algae,sessile,
Phycodrys?,Phycodrys sp.,,Phycodrys sp.,Algae,sessile,
Phyllospadix scouleri,Phyllospadix scouleri,Phyllospadix sp.,Phyllospadix sp.,Algae,sessile,
Phyllospadix serrulatus,Phyllospadix serrulatus,Phyllospadix sp.,Phyllospadix sp.,Algae,sessile,
Phyllospadix,Phyllospadix sp.,Phyllospadix sp.,Phyllospadix sp.,Algae,sessile,TRY TO FIGURE OUT FROM LOCATION
Pisaster,Pisaster ochraceus,,Pisaster ochraceus,Animal,motile,
Pisaster ochraceous,Pisaster ochraceus,,Pisaster ochraceus,Animal,motile,
Pisaster ochraceus,Pisaster ochraceus,,Pisaster ochraceus,Animal,motile,
Pisaster or similar sea star,Pisaster ochraceus,,Pisaster ochraceus,Animal,motile,
Pleonosporium vancouverianum,Pleonosporium vancouverianum,,Pleonosporium vancouverianum,Algae,sessile,
Plocamium pacificum,Plocamium pacificum,,Plocamium pacificum,Algae,sessile,
Plocamium violaceum,Plocamium violaceum,,Plocamium violaceum,Algae,sessile,
Pododesmus,Pododesmus sp.,,Pododesmus sp.,Animal,sessile,
"Barnacles, goose-necked",Pollicipes polymerus,,Pollicipes polymerus,Animal,sessile,
Gooseneck barnacles,Pollicipes polymerus,,Pollicipes polymerus,Animal,sessile,
Pollicipes,Pollicipes polymerus,,Pollicipes polymerus,Animal,motile,
Polychaete,Polychaete,,Polychaete,Animal,motile,
Polyneura latissima,Polyneura latissima,,Polyneura latissima,Algae,sessile,
Polysiphonia brodiei,Polysiphonia brodiei,Polysiphonia,Polysiphonia,Algae,sessile,Likely need to lump these
Polysiphonia hendryi,Polysiphonia hendryi,Polysiphonia,Polysiphonia,Algae,sessile,Likely need to lump these
Polysiphonia hendryi var. garderi,Polysiphonia hendryi var. garderi,Polysiphonia,Polysiphonia,Algae,sessile,Likely need to lump these
Polysiphonia hendryi var. gardneri,Polysiphonia hendryi var. gardneri,Polysiphonia,Polysiphonia,Algae,sessile,Likely need to lump these
Polysiphonia hendryi var. hendryi,Polysiphonia hendryi var. hendryi,Polysiphonia,Polysiphonia,Algae,sessile,Likely need to lump these
Polysiphonia hendryi var. luxuriens,Polysiphonia hendryi var. luxuriens,Polysiphonia,Polysiphonia,Algae,sessile,Likely need to lump these
Polsiphonia pacifica,Polysiphonia pacifica,Polysiphonia,Polysiphonia,Algae,sessile,Likely need to lump these
Polysiphonia pacifica,Polysiphonia pacifica,Polysiphonia,Polysiphonia,Algae,sessile,Likely need to lump these
Polysiphonia pacifica? turf,Polysiphonia pacifica,Polysiphonia,Polysiphonia,Algae,sessile,Likely need to lump these
Polysiphonia pacifica var delicatula,Polysiphonia pacifica var delicatula,Polysiphonia,Polysiphonia,Algae,sessile,Likely need to lump these
Polysiphonia paniculata,Polysiphonia paniculata,Polysiphonia,Polysiphonia,Algae,sessile,Likely need to lump these
Polysiphonia,Polysiphonia sp.,Polysiphonia,Polysiphonia,Algae,sessile,Likely need to lump these
Polysiphonia sp.,Polysiphonia sp.,Polysiphonia,Polysiphonia,Algae,sessile,Likely need to lump these
Polysiphonia spp,Polysiphonia sp.,Polysiphonia,Polysiphonia,Algae,sessile,Likely need to lump these
Polysiphonia stricta / senticulosa,Polysiphonia sp.,Polysiphonia,Polysiphonia,Algae,sessile,Likely need to lump these
Orange sponge,Porifera,,Porifera,Animal,sessile,
Orange Sponge,Porifera,,Porifera,Animal,sessile,
Purple sponge,Porifera,,Porifera,Animal,sessile,
Sponge,Porifera,,Porifera,Animal,sessile,
Tan Sponge,Porifera,,Porifera,Animal,sessile,
Unknown orange sponge,Porifera,,Porifera,Animal,sessile,
Prionitis sternbergii lanceolata,Prionitis sp.,Prionitis,Prionitis,Algae,sessile,
Prionitis?,Prionitis sp.,Prionitis,Prionitis,Algae,sessile,
Prionitis sternbergii,Prionitis sternbergii,Prionitis,Prionitis,Algae,sessile,
Pseudlolithophyllum muricatum,Pseudolithophyllum muricatum,,Pseudolithophyllum muricatum,Algae,sessile,
Pseudolithophyllum muricatum,Pseudolithophyllum muricatum,,Pseudolithophyllum muricatum,Algae,sessile,
Pterocladiella caloglossoides,Pterocladiella caloglossoides,,Pterocladiella caloglossoides,Algae,sessile,
Pterosiphonia bipinata,Pterosiphonia bipinnata,,Pterosiphonia bipinnata,Algae,sessile,
Pterosiphonia bipinnata,Pterosiphonia bipinnata,,Pterosiphonia bipinnata,Algae,sessile,
Pterosiphonia dendroidea,Pterosiphonia dendroidea,,Pterosiphonia dendroidea,Algae,sessile,
Pterosiphonia gracilis,Pterosiphonia gracilis,,Pterosiphonia gracilis,Algae,sessile,
Pterygophora californica,Pterygophora californica,,Pterygophora californica,Algae,sessile,
Ptilota serrata,Ptilota filicina,Ptilota,Ptilota,Algae,sessile,
Ptilota serrata filicina,Ptilota filicina,Ptilota,Ptilota,Algae,sessile,
Ptilota sp.,Ptilota sp.,Ptilota,Ptilota,Algae,sessile,
Ptilota spp.,Ptilota sp.,Ptilota,Ptilota,Algae,sessile,
Ptilota tenuis,Ptilota tenuis,Ptilota,Ptilota,Algae,sessile,
Pugetia firma,Ptilota tenuis,Ptilota,Ptilota,Algae,sessile,
Pugettia firma,Pugetia firma,,Pugetia firma,Algae,sessile,
Kelp crab,Pugettia producta,Pugettia,Pugettia,Animal,motile,
Pugettia producta,Pugettia producta,Pugettia,Pugettia,Animal,motile,
Pugettia,Pugettia sp.,Pugettia,Pugettia,Animal?,motile,
Punctaria,Punctaria sp.,,Punctaria sp.,Algae,sessile,
Punctaria sp.,Punctaria sp.,,Punctaria sp.,Algae,sessile,
Pycnopodia,Pycnopodia helianthoides,,Pycnopodia helianthoides,Animal,motile,
Pylaiella littoralis,Pylaiella littoralis,,Pylaiella littoralis,Algae,sessile,
Porphyra abbottiae,Pyropia abbottiae,,Pyropia abbottiae,Algae,sessile,
Porphyra abbottiea,Pyropia abbottiae,,Pyropia abbottiae,Algae,sessile,
Pyropia abbottiae,Pyropia abbottiae,,Pyropia abbottiae,Algae,sessile,
Pyropia fallax,Pyropia fallax,,Pyropia fallax,Algae,sessile,
Pyropia fucicola,Pyropia fucicola,,Pyropia fucicola,Algae,sessile,
Pyropia gardneri,Pyropia gardneri,,Pyropia gardneri,Algae,sessile,
Porphyra perforata,Pyropia perforata,,Pyropia perforata,Algae,sessile,
Pyropia perforata,Pyropia perforata,,Pyropia perforata,Algae,sessile,
Pyropia schizophylla,Pyropia schizophylla,,Wildemania schizophylla,Algae,sessile,
Pyropia smithii,Pyropia smithii,,Pyropia smithii,Algae,sessile,
Pyropia sp.,Pyropia sp.,REVISIT,Pyropia sp.,Algae,sessile,TRY TO FIGURE OUT FROM LOCATION
Ralfisa,Ralfsioid,,Ralfsioid,Algae,sessile,
Ralfsia,Ralfsioid,,Ralfsioid,Algae,sessile,
Ralfsia fungiformis,Ralfsioid,,Ralfsioid,Algae,sessile,
Ralfsia pacifica,Ralfsioid,,Ralfsioid,Algae,sessile,
Ralfsia sp,Ralfsioid,,Ralfsioid,Algae,sessile,
Ralfsia sp [brown crust],Ralfsioid,,Ralfsioid,Algae,sessile,
Ralfsia sp.,Ralfsioid,,Ralfsioid,Algae,sessile,
Rhizoclonium tortuosum,Rhizoclonium tortuosum,,Rhizoclonium tortuosum,Algae,sessile,
Rhodochorton purpureum,Rhodochorton purpureum,,Rhodochorton purpureum,Algae,sessile,
Rhodocorton purpureum,Rhodochorton purpureum,,Rhodochorton purpureum,Algae,sessile,
Rhodymenia sp.,Rhodymenia sp.,,Rhodymenia sp.,Algae,sessile,
Riterella pulchra,Riterella pulchra,,Riterella pulchra,Animal,sessile,
Saccharina latissima,Saccharina latissima,,Saccharina latissima,Algae,sessile,
Saccharina latissimus,Saccharina latissima,,Saccharina latissima,Algae,sessile,
Saccharina groenlandica,Saccharina nigripes,,Saccharina nigripes,Algae,sessile,
Saccharina sessile,Saccharina sessilis,,Saccharina sessilis,Algae,sessile,
Saccharina sessilis,Saccharina sessilis,,Saccharina sessilis,Algae,sessile,
Salishia firma,Salishia firma,,Salishia firma,Algae,sessile,
Sand,Sand,,Sand,Substratum,NA,
Sargassum muticum,Sargassum muticum,,Sargassum muticum,Algae,sessile,
Scagelia occidentale,Scagelia occidentale,,Scagelia occidentale,Algae,sessile,
Schizymenia pacifica,Schizymenia pacifica,,Schizymenia pacifica,Algae,sessile,
Scytosiphon dotyi,Scytosiphon dotyi,,Scytosiphon dotyi,Algae,sessile,
Sytosiphon dotyi,Scytosiphon dotyi,,Scytosiphon dotyi,Algae,sessile,
Scytosiphon lomentaria,Scytosiphon lomentaria,,Scytosiphon lomentaria,Algae,sessile,
Scytosiphon lomentarii,Scytosiphon lomentaria,,Scytosiphon lomentaria,Algae,sessile,
Sea stars,Sea star,,Sea star,Animal,motile,
"Barnacles, acorn",Semibalanus cariosus,Barnacles,Barnacles,Animal,sessile,
Semibalanus cariosus,Semibalanus cariosus,Barnacles,Barnacles,Animal,sessile,
Semibalanus sp.,Semibalanus cariosus,Barnacles,Barnacles,Animal,sessile,
Smithora naiadum,Smithora naiadum,,Smithora naiadum,Algae,sessile,
Margarites or Calliostoma,Snail,,Snail,Animal,motile,
Snail,Snail,,Snail,Animal,motile,
Soranthera ulvoidea,Soranthera ulvoidea,,Soranthera ulvoidea,Algae,sessile,
Sparlingia pertusa,Sparlingia pertusa,,Sparlingia pertusa,Algae,sessile,
Sphacelaria rigidula,Sphacelaria rigidula,,Sphacelaria rigidula,Algae,sessile,
Spirorbidae,Spirorbidae,,Spirorbidae,Animal,sessile,
Spirorbis,Spirorbis,,Spirorbis,Animal,sessile,
Pseudolithophyllum neofarlowii,Spongites tumidum,,Spongites tumidum,Algae,sessile,
Pseudolithophyllum neofarlowii Spongites tumidum,Spongites tumidum,,Spongites tumidum,Algae,sessile,
Spongites tumidum,Spongites tumidum,,Spongites tumidum,Algae,sessile,
Green urchin,Strongylocentrotus droebachiensis,,Strongylocentrotus droebachiensis,Animal,motile,
Purple urchin,Strongylocentrotus purpuratus,,Strongylocentrotus purpuratus,Animal,sessile,
Purple Urchin,Strongylocentrotus purpuratus,,Strongylocentrotus purpuratus,Animal,motile,
Strongylocentrotus purpuratus,Strongylocentrotus purpuratus,,Strongylocentrotus purpuratus,Animal,motile,
Styela,Styela sp.,,Styela sp.,Animal,sessile,
Styella,Styela sp.,,Styela sp.,Animal,sessile,
Tegula,Tegula sp.,,Tegula sp.,Animal,motile,
Tiffaniella snyderae,Tiffaniella snyderae,,Tiffaniella snyderae,Algae,sessile,
Tokidadendron bullatum,Tokidadendron bullatum,,Tokidadendron bullatum,Algae,sessile,
Tonicella lineata,Tonicella lineata,,Tonicella lineata,Animal,motile,
Tonicella,Tonicella sp.,,Tonicella sp.,Animal,motile,
Sandy worm tubes,Tube worms,,Tube worms,Animal,sessile,
Tube worm,Tube worms,,Tube worms,Animal,sessile,
Tube worms,Tube worms,,Tube worms,Animal,sessile,
Tube worms small,Tube worms,,Tube worms,Animal,sessile,
Encrusting tunicate,Tunicata,,Tunicata,Animal,sessile,
Orange tunicate,Tunicata,,Tunicata,Animal,sessile,
Stalked tunicate,Tunicata,,Tunicata,Animal,sessile,
Tunicate,Tunicata,,Tunicata,Animal,sessile,
Unknown peach tunicate,Tunicata,,Tunicata,Animal,sessile,
Tunicate/Sponge,Tunicata/Porifera,,Tunicata/Porifera,Animal,sessile,
Ulothrix/Urospora,Ulothrix-Urospora sp.,,Ulothrix-Urospora sp.,Algae,sessile,
Ulva intestinalis,Ulva intestinalis,,Ulva intestinalis,Algae,sessile,
Ulva lactuca,Ulva lactuca,,Ulva lactuca,Algae,sessile,
Ulva linza,Ulva linza,,Ulva linza,Algae,sessile,
Ulva lobata,Ulva lobata,,Ulva lobata,Algae,sessile,
Ulva prolifera,Ulva prolifera,,Ulva prolifera,Algae,sessile,
Ulva sp.,Ulva sp.,Assume Ulva lactuca,Ulva lactuca,Algae,sessile,Try tO FIGURE OUT FROM LOCATION
Red Crust,Unknown crust,,Unknown crust,Algae,sessile,
Unknown black crust,Unknown crust,,Unknown crust,Algae,sessile,
Unknown brown crust,Unknown crust,,Unknown crust,Algae,sessile,
Unknown red crust,Unknown crust,,Unknown crust,Algae,sessile,
Unidentified turf,Unknown turf,,Unknown turf,Algae,sessile,
Wildmania cuneformis,Wildmania amplissima,,Wildmania amplissima,Algae,sessile,
Wildmania cuneiformis,Wildmania amplissima,,Wildmania amplissima,Algae,sessile,
Wildemania norrisii,Wildmania norrisii,,Wildmania norrisii,Algae,sessile,
Wildmania norrisii,Wildmania norrisii,,Wildmania norrisii,Algae,sessile,
Porphyra schizophylla,Wildmania schizophylla,,Wildmania schizophylla,Algae,sessile,
WOOD,Wood,,Wood,Substratum,NA,
Pink Worm,Worm,,Worm,Animal,motile,
Worm,Worm,,Worm,Animal,motile,
CORALLINE,Total corallines,,Total corallines,Algae,sessile,