UID,Acrosiphonia,Ahnfeltia.fastigiata,Alaria.marginata,Analipus.japonicus,Anemone,Antithamnion.defectum,Antithamnionella.spp.,Bangia.sp.,Barnacles,Blidingia,Bossiella_articulate,Bryozoan,Calliarthron.tuberculosum,Callithamnion.pikeanum,Callophyllis.sp.,Ceramium.codicola,Ceramium.pacificum,Chaetomorpha.cannabina,Chamberlainium.tumidum,Chiharaea.rhododactyla,Chiharaea.silvae,Cladophora.columbiana,Cladophora.sericea,Codium.fragile,Codium.setchellii,Collinsiella.tuberculata,Colpomenia.peregrina,Corallina,coralline.crust,Costaria.costata,Cryptosiphonia.woodii,Cumathamnion.decipiens,Dactylosiphon.bullosus,Desmarestia.aculeata,Desmarestia.ligulata,Dilsea.californica,Ectocarpus.commensalis,Ectocarpus.sp.,Egregia.menziesii,Elachista.fucicola,Endocladia.muricata,Erythrotrichia.carnea,Farlowia.mollis,Fucus.distichus,Gloiopeltis.furcata,Halosaccion.glandiforme,Hedophyllum.nigripes,Hedophyllum.sessile,Herposiphonia.plumula,Hildenbrandia,Hydroid,Hymenena.spp.,Johansenia.macmillanii,Laminaria.setchellii,Laminaria.yezoensis,Leathesia.marina,Lithothamnion.glaciale,Lithothamnion.phymatodeum,Lomentaria.hakodatensis,Mastocarpus,Mazzaella.oregona,Mazzaella.parksii,Mazzaella.parvula,Mazzaella.splendens,Melanosiphon.intestinalis,Melobesia.sp.,Mesophyllum.vancouveriense,Microcladia.borealis,Monostroma.grevillei,Mytilus.sp.,Nemalion.helminthoides,Neogastroclonium.subarticulatum,Neopolyporolithon.reclinatum,Neorhodomela.aculeata,Neorhodomela.larix,Neorhodomela.oregona,Nereocystis.luetkeana,Odonthalia.floccosa,Odonthalia.floccosa.f..comosa,Opuntiella.californica,Osmundea.spectabilis,Palmaria.hecatensis,Palmaria.mollis,Petrocelis,Peyssonnelia.sp.,Phyllospadix.spp.,Plocamium.pacificum,Plocamium.violaceum,Pododesmus.sp.,Pollicipes.polymerus,Polyneura.latissima,Polysiphonia,Prionitis,Pterocladiella.caloglossoides,Pterygophora.californica,Ptilota.filicina,Pylaiella.littoralis,Pyropia,Ralfsioid,Rhizoclonium.tortuosum,Rhodochorton.purpureum,Salishia.firma,Savoiea.robusta,Schizymenia.pacifica,Scytosiphon.dotyi,Scytosiphon.lomentaria,Smithora.naiadum,Soranthera.ulvoidea,Sphacelaria.rigidula,Styela.sp.,Symphyocladiella.dendroidea,Tokidadendron.bullatum,Tube.worms,Tunicata/Porifera,Ulva,Unknown.crust
Fifth Beach LOW 2019 1,0,6,0,0,0,0,0,0,0,0,0.5,0,0,0.5,0,0,0,0,0.5,0,0,0,0,0,1,0,0,0,0,0,1,0,0,0,0,1,0,0,0,0,0,0,0,0,0,0.5,0,0,0,2.5,0.5,0.5,0,0,0,0,0,0,0,0,0,0,0,6,0,0.5,0,0,0,0,0,0,0,0,10,0,0,0,0,0,0,0,0,0,0,90,0,0,0,0,0,0,0,0,0,30,0,0,0.5,0,0,0,0,0,0,0,0,0,0,0,0,0,0,0,0.5,0
Fifth Beach LOW 2019 10,0,0,30,0,0,0,0,0,0,0,4,0,0,3,0,0,0,0,5,0,0,0,0,0,0,0,0,4,0,0,0,0,0,0,0,1,0,0,0,0,0,0,0,0,0,0.5,0,0,0,12,0,6,0,0,0,0,0,0,0,2,0,0,0,0,0,0,0,7,0,0,0,0,0,0,0,0,0,0.5,0,0,0,0,0,0,0,0,0,4,0,0,0,3,0,0,0,0,0,25,0,0,0,0,0,0,0,0,0,0,0,0,0,0,0,0,0,0
Fifth Beach LOW 2019 2,0,0,0,0,0,0,0,0,0.5,0,2,0,0,5,0,0,0.5,0,1,0,0,0,0,0.5,0,0,1,0.5,2,0,1,0,0,0,0,2,0,0,0,0,0,0,2,0,0,0.5,0,0,0,1,0,1,0,0,0,1,0,0.5,0,0.5,0,0,0.5,4,0,0,0,3,0,0,0,0,0,0,44,0,0,3,0,0,0,0,0,0,0,7,0,0,0,0,0,0.5,0,0,0,9,0,0,0,0,0,0,0,0,0,0,0,0,0,0,0,0,0,0,1,0
Fifth Beach LOW 2019 3,0,0,0,0,1,0,0,0,0,0,2,0,0,1,0,0,0,0,0,0,0,0,0,0,0,0,0,0.5,8,0,16,1,1,0,0,7,0,0,0,0,0,0,0,0,0,0,0,0,0,4,0,0,0,0,0,0,0,0,0,1,3,0,0,39,0,0,0,3,0,0,0,0,0,0,5,0,0,3,0,0,0,0,0,0,0,56,0,0,0,0,5,0,0,0,0,14,0,1,0,0,0,0,0,0,0,0,0,0,0,0,0,0,0.5,5.5,0,0.5
Fifth Beach LOW 2019 4,0.5,0,0,0,0.5,0,0,0,0,0,1,0,0,3,0,0,0,0,0,0,0,0,0,0,0,0,0,2,0,0,5,0,1,0,0,4,0,0,0,0,13,0,0.5,0,0,1,0,0,0,6,0,0,0,0,0,0.5,0,0,0,4,0,0,0,8,0,0,0,18,0,0,0,0,0,0,6,0,0,4,0,0,0,0,0,0,0,5,0,6,0,0,2,2,0,0,0,1,0,10,0,0,0,0,0,0,0,0,0,0,0,0,0,2,0,0,0.5,0
Fifth Beach LOW 2019 5,0,0,47,0,2,0,0,0,0,0,0.5,0,0,0.5,0,0,0,0,8,0,0,0,0,0,0,0,0,0,1,0,0,0,0,0,0,0,0,0,0,0,0,0,0,0,0,0.5,0,0,0,8,0,0,0,0,0,0.5,0,0,0,0,0,0,0,1,0,0,0,0,0,0,0,0,0,0,0,0,0,0,0,0,0,0,0,0.5,0,0,0,14,0,0,7,0,0,0,0,0,0,9,0,0,0,0,1,0,0,0,0,0,0,0,0,0,0,1,0.5,0
Fifth Beach LOW 2019 6,0,0,2,0,1,0,0,0,0,0,4,0,0,0.5,0,0,0,0,6,0,0,0,0,2,0,0,0,8,4,0,1,0,1,0,0,0,0,0,0,0,0,0,0,0,0,0,0,0,0,16,0,0,0,0,0,0.5,0,0,0,0.5,0,0,0,5,0,0,0,5,0,0,0,0,0,0,0,0,0,0.5,0,0,0,0,0,2,0,0,0,32,0,0,2,0,0,0,0,0,0,32,0,0,0,0,0,0,0,0.5,0,0,0,0,0,0,0,0,0,0.5
Fifth Beach LOW 2019 7,0,0,52,0,1,0,0,0,0,0,2,0,0,0,0,0,0,0,14,0,0,0,0,0,0,0,0,9,1.5,0,0,0,0,0,0,0,0,0,0,0,0,0,0,0,0,0,0,1,0,16,0,7,0,0,0,0,0,0,0,0.5,0,0,0,0,0,0,0,0,0,0,0,0,0,0,0,0,0,0,0,0,0,0,0,0,0,0,0,11,0,0,0,1,0,0,0,0,0,20,0,0,0,0,0,0,0,0,0,0,0,0,0,0,0,0,0.5,0
Fifth Beach LOW 2019 8,0,0,0.5,0,3,0,0,0,0,0,0.5,0,0,0.5,0,0,0,0,6,0,0,0,0,0,0,0,0,0.5,0,0,0,0,0,0,0,0,0,0,0,0,5,0,0,0,0,0,0,0,0,18,0,0,0,0,0,0,0,0,0,0,0,0,0,0,0,0,0,0,0,0,0,0,0,0,0,0,0,0,0,0,0,0,0,0,0,0,0,1,0,0,0,0,0,0,0,0,0,78,0,0,0,0,0,1,0,0,0,0,0,0,0,0,0,0,0,0
Fifth Beach LOW 2019 9,0,0,20,0,2,0,0,0,0,0,2,0,0,2,0,0,0,0,10,0,0,0,0,0,0,0,0,2,0,0,0,0,0,0,0,0,0,0,0,0,0,0,0,0,0,0.5,0,0,0,35,0,0.5,0,0,0,0,0,0,0,0,0,0,0,0,0,0,0,3,0,0,0,0,0,0,0,0,0,0.5,0,0,0,0,0,0,0,0,0,5,0,0,0,0,0,0,0,0,0,40,0,0,0,0,0,0,0,0,0,0,0,0,0,0,0.5,1,0,0
Fifth Beach MID 2019 1,0.5,0,0,0,2,0,0,0,0,0,0,0,0,0,0,0,0,0,5,0,0,0,0,0,0,0,0,0,0,0,32,0,0,0,0,13,0.5,0,0,0,3,0,0.5,0,0,2,0,0,0,0.5,0,0,0,0,0,0.5,0,0,0,0.5,0,0,0,0,0,0,0,0,0,0,0,0,0,0,10,0,0,0,0,0,0,0,0,0,0,0,0,0,0,0,0,2.5,0,0,0,0,0,8,0,0,0,0,1,0,0,0,0,0,0,0,0,0,0,0,2,0.5
Fifth Beach MID 2019 10,0,0,0,0,6,0,0,0,0.5,0,8.5,0,0,1,0,0,0,0,0,0,0,0,0,0,0,0,0,4,6,0,0,0,0,0,0,0,0,0,0,0,0,0,0,0,0,0,0,0,0,0,0,0,0,0,0,0,0,0.5,0,0,8,0,0,0,0,0.5,0,1,0,0,0,0,0,0,0,0,0,0,0,0,0,0,0,0,0,88,0,0,0,0,0,1,1,0,0,0,0,12,0,0,0,0,0,0,0,0,0,0,0,0,0,0,0,0,0,0
Fifth Beach MID 2019 2,1.5,0,15,0,5,0,0,0,0.5,0,1,0,0,0,0,0,0,0,0.5,0,0,0,0,0,0,0,0,0,0,0,12,0,0,0,0,0,0,0,0,0,0,0,0,3,0,2,0,0,0,0,0,0,0,0.5,0,0,0,1,0,0.5,1,0,0,0,0,0,0,0,0,0,0,0,0,0,24,0,0,0,0,0,0,0,0,0,0,8,0,0,0,0,0,1.5,0,0,0,0,0,21,0,0,0,0,1,0,0,0,0,0,0,0,0,0,0,0,3,0
Fifth Beach MID 2019 3,1,0,0,0,3,0,0,0,2,0,0,0,0,0,0,0,0,0,1,0,0,0.5,0,0,0,0,0,3,0,0,0,0,0,0,0,0,0.5,0,0,0,2,0,0,19,0,5,0,0,0,9,0,0,0,0,0,0,0,0,0,4,0,0,0.5,0,0,0,0,0.5,0,0,0,0,0,0,0,0,0,0,0,0,0,1,0,0,0,0,0,1,0,0,0,0.5,0,0,0,0,0,58,0,0,0,0,0.5,0,0,0,0,0,0,0,0,0,0,0,5,0
Fifth Beach MID 2019 4,3,0,0,0,4,0,0,0,0,0,14,0.5,0.5,0,0,0,2,0,0.5,0,0,0,0,0,0,0,0,5.5,3,0,0.5,0,0,0,2,0,0,0,0,0,5,0,0,0,0,2,0,0,0,8,0,0,0,0,0,0,0,0,0.5,0,0,0,0,3,0,0,0,0,0,0.5,0,0,0.5,0,0,0,2,0,0,0,0,0,0,0,0,20,0,0,0,0,0,5,2,0,0,0,0,45,0,0,0,0,0,0,0,0,0,0,0,0,0,0,0,0,1,0
Fifth Beach MID 2019 5,1,0,5,0,4,0,0,0,3,0,1,0,0,0,0,0,0,0,2,0,0,0.5,0,0,0,0,0,1,0,0,0,0,0,0,0,0,0,0,0,0,2,0,0,0.5,0,40,0,0,0,0,0,0,0,0,0,0,0,0,0,0,0,0,0,0,0,0,0,8,0,0,0,0,0,0,0,0,0,0,0,0,0,0,0,0,0,0,0,4,0,0,0,0.5,0,0,0,0,0,15,0,0,0,0,0,0,0,0,0,0,0,0,0,0,0,0,2.5,0
Fifth Beach MID 2019 6,0,0,0,0,4,0,0,0,0.5,0,0,0,0,0.5,0,0,0,0,4,0,0,0,0,0,0,0,0,2,0,0,0,0,0,0,0,0,0,0,0,0,2,0,0,7,0,2,0,0,0,40,0,0,0,0,0,0,0,0,0,3,0,0,0.5,0,0,0,0,0,0,0,0,0,0,0,0,0,0,0,0,0,0,0.5,0,3,0,0,0,0,0,0,0,0,0,0,0,0,0,45,0,0,0,0,0,0,0,0,0,0,0,0,0,0,0,0,0,0
Fifth Beach MID 2019 7,18,0,18,0,6,0,0,0,0.5,0,2,0,0,2,0,0,4,0,16,0,0,1,0,0,0,0,0.5,4,0,0,0,0,0,0,0,0,0,0,0,0,0,0,0,0,0,3,0,0,0,13.5,0,0,0,0,0,1,0,0,0,0.5,0,0,0,0,0,0,0,4,0,0,0,0,0,0,0,0,0,2,0,0,0,2,0,0,0,0,0,0,0,0,0,7,0,0,0,0,0,39,0,0,0,0,2,0,0,0,0,0,0,0,0,0,0,0,4,0
Fifth Beach MID 2019 8,2,0,3,0,3,0,0,0,1,0,2,0,0,0,0,0,0,0,12,0,0,0,0,0,0,0,0,8,3,0,0.5,0,0,0,0,0,0,0,0,0,0,0,0,0,0,0.5,0,0,0,0,0,0,0,0,0,0,0,0,0,0.5,0,0,0,0,0,0,0,3,0,0,0,0,0,0,0,0,0,0,0,0,0,0,0,0,0,0,0,3,0,0,0,1,0,0,0,0,0,57,0,0,0,0,1,0,0.5,0,0,0,0,0,0,0,0,0,1,0
Fifth Beach MID 2019 9,1,0,1,0,5,0,0,0,0,0,7,0,0,0,0,0,0,0,2,0,0,0,0,0,0,0,0,17,8,0,0,0,1,0,0,4,0,0,0,0,0,0,0,0,0,0.5,0,0,0,3,0,0,0,0,0,0.5,0,0,0,0,0,0,0,0,0,0,0,1,0,0,0,0,0,0,0,0,0,0,0,0,0,0,0,0,0.5,0,0,1,0,0,0,0,0,0,0,0,0,20,0,0,0,0,0,0,0,0,0,0,0,0,0,0,0,0,4,0
Fifth Beach HIGH 2019 1,0,0,0,0,0,0,0,0,73,0,0,0,0,0,0,0,0,0,0,0,0,0,0,0,0,0,0,0,0,0,0,0,0,0,0,0,0,0,0,0,0.5,0,0,2,0.5,0,0,0,0,5,0,0,0,0,0,0,0,0,0,0.5,0,0,0,0,0,0,0,0,0,8,0,0,0,0,0,0,0,0,0,0,0,0,0,0.5,0,0,0,0,0,0,0,0,0,0,0,0,0,1.5,0,0,0,0,0,0,0,0,0,0,0,0,0,0,0,0,0,0
Fifth Beach HIGH 2019 10,0,0,0,0,0.5,0,0,0,14,0,0,0,0,1,0,0,0,0,0,0,0,0,0,0,0,0,0,0.5,0,0,0,0,0,0,0,0,0,0,0,0,2,0,0,0,0,0,0,0,0,1.5,0,0,0,0,0,0,0,0,0,0,0,0,0,0,0,0,0,0,0,83,0,0,0,0,0,0,0,0,0,0,0,0,0,0,0,0,0,2,0,20,0,1,0,0,0,0,0,1.5,0,0,0,0,3,0,0,0,0,0,0,0,0,0,0.5,0.5,0,0
Fifth Beach HIGH 2019 2,2,0,0,0,0,0,0,0,3,0,0,0,0,1,0,0,0,0,0,0,0,0,0,0,0,0,0,0,0,0,0,0,0,0,0,0,0,0,0,0,0.5,0,0,20,0,0.5,0,0,0,2.5,0,0,0,0,0,0,0,0,0,0,0,0,0,0,0.5,0,0,1,0,65,0,0,0,0,0,0,0,0,0,0,0,0,0,0,0,0,0,0,0,0,0,1,0,0,0,0,0,10,0,0,0,0,0,0,0,0,0,0,0,0,0,0,0,0,1,0
Fifth Beach HIGH 2019 3,1,0,0,0,0,0,0,0,6,0,0,0,0,0,0,0,0,0,0,0,0,0,0,0,0,0,0,0,0,0,0.5,0,0,0,0,0,0,0,0,0,3,0,0,15,0,0,0,0,0,5,0,0,0,0,0,0,0,0,0,0,0,0,0,0,0,0,0,0,0,39,0,0,0,0,0,0,0,0,0,0,0,0,0,0.5,0,0,0,0,0,0,0,0,0,0,0,0,0,11,0,0,0,0,0,0,0,0,0,0,0,0,0,0,0,0,1,0
Fifth Beach HIGH 2019 4,0,0,0,0,1,0,0,0,40,0,0,0,0,0,0,0,0,0,1,0,0,0.5,0,0,0,0,0,0,0,0,0,0,0,0,0,0,0,0,0,0,8,0,0,38,0,0.5,0,0,0,4,0,0,0,0,0,0,0,0,0,5,0,0,0,0,0,0,0,0,0,0,0,0,0,0,0,0,0,0,0,0,0,0,0,0,0,0,0,0,0,0,0,0,0,0,0,0,0,14.5,0,0,0,0,0,0,0,0,0,0,0,0,0,0,0,0,1,0
Fifth Beach HIGH 2019 5,1,0,0,0,0.5,0,0,0,50,0,0,0,0,0,0,0,0,0,0,0,0,0,0,0,0,0,0,0,0,0,0,0,0,0,0,0,0,0,0,0,1,0,0,15,0,0.5,0,0,0,13,0,0,0,0,0,0,0,0,0,0.5,0,0,0,0,0,0,0,0,0,14,0,0,0,0,0,0,0,0,0,0,0,0,0,0.5,0,0,0,0,0,0,0,0,0,0,0,0,0,2.5,0,0,0,0,0,0,0,0,0,0,0,0,0,0,0,0,0.5,0
Fifth Beach HIGH 2019 6,3,0,0,0,0.5,0,0,0,7,0,0,0,0,0,0,0,0,0,9,0,0,0,0,0,0,0,0,1,0,0,0,0,0,0,0,0,0,0,0,0,8,0,0,70,0,0.5,0,0,0,92,0,0,0,0,0,0,0,0,0,10,0,0,0,0,0,0,0,0,0,0,0,0,0,0,0,0,0,0,0,0,0,0,0,0,0,0,0,0,0,0,0,0,0,0,0,0,0,11,0,0,0,0,0,0,0,0,0,0,0,0,0,0,0,0,2,0
Fifth Beach HIGH 2019 7,0.5,0,0,0,0,0,0,0,36,0,0,0,0,0.5,0,0,0,0,0,0,0,0,0,0,0,0,0,0,0,0,0,0,0,0,0,0,0,0,0,0,7,0,0,0.5,0,0,0,0,0,10.5,0,0,0,0,0,0,0,0,0,1,0,0,0,0,0,0,0,0,0,0.5,0,0,0,0,0,0,0,0,0,0,0,0,0,0,0,0,0,0,0,1,0,0,0,0,0,0,0,30,0,0,0,0,2,0,0,0,0,0,0,0,0,0,0,0,0.5,0
Fifth Beach HIGH 2019 8,1,0,0,0,0,0,0,0,33,0,0,0,0,0,0,0,0,0,0,0,0,0,0,0,0,0,0,0,0,0,0,0,0,0,0,0,0,0,0,0,3,0,0,1,0,0,0,0,0,1.5,0,0,0,0,0,0,0,0,0,0,0,0.5,0,0,0,0,0,0,0,59,0,0,0,0,0,0,0,0,0,0,0,0,0,1,0,0,0,0,0,10,0,3,0,0,0,0,0,4.5,0,0,0,0,0,0,0,0,0,0,0,0,0,0,0,0,0,0
Fifth Beach HIGH 2019 9,0.5,0,0,0,0,0,0,0,69,0.5,0,0,0,3,0,0,0,0,0,0,0,0,0,0,0,0,0,0,0,0,0,0,0,0,0,0,0,0,0,0,5,0,0,1,0,0,0,0,0,1,0,0,0,0,0,0,0,0,0,0.5,0,0.5,0,0,0,0,0,0,0,24,0,0,0,0,0,0,0,0,0,0,0,0,0,0,0,0,0,0,0,2,0,0,0,0,0,0,0,3,0,0,0,0,1,0,0.5,0,0,0,0,0,0,0,0,0,0,0
Foggy Cove LOW 2019 1,10,0,1,0,0,0,0,0,0,0,0,0,0,0,0,0,6,0,8,0,0,0,0,0,0,0,0.5,1,0,0,2,0,0,0,0,0,0,0,0.5,0,0,0,0,5,0,7,0,0,0.5,4,0,0,0,0,0,1,0,0,0,0,0,0,0,1,0,0,0,0,0,0,0,7,0,0,2,0,0,0,0,0,0,0.5,0,2,0,32,0,0,0,0,0,0,0,0,0,0,0,1,0,0,0,0,0,1,0,0.5,0,0,0,0,0,0,0,0,4,0
Foggy Cove LOW 2019 10,0.5,0,30,0,1,0,0,0,2,0,6,0,0,0,0,0,1,0,8,0,0,0,0,0,0,0,0,1,0,0,5,0,0,0,0,0,0,0,0,0.5,0,0,0,38,0,8,0,0,0,4,0,0,0,0,0,0,0,0,0,0.5,2,0,0,3,0,0,0,0,0,0,0,4,0,0,2,0,0,0,0,0,0,1,0,1,1,0,0,0,0,0,5,0,0,0,0,3,0,6.5,0,0,0,0,0,0,0,0,0,0,0,0,0,0,0,0,2,0
Foggy Cove LOW 2019 2,0.5,0,10,3,0,0,0,0,0,0,3.5,0,0,0,0,0,0,0,6,0,0,0,0,0,0,0,0,3.5,0,0,9,0,0,0,0,0,0,0,3,0,0,0,0,4,0,1,8,0,0,0,0,0,0,0,0,0.5,0,0,4,6,2,0,0,0,0,0,0,0,0,0,0,8,0,0,1,0,0,14,0,0,0,0,0,0,0,0,0,0,0,0,0,2,0,0,0,0,0,0,0,0,0,0,0,0,0,0,0,0,0,0,0,0,0,0,2,0
Foggy Cove LOW 2019 3,2,0,0,0,0,0,0,0,0,0,2,0,0,0,0,0,0,0,8,0,0,0,0,0,0,0,0.5,5,0,0,9,0,0,0,0,0,0,0,4,0,14,0,0,44,0,2,0,0,0,9,0,0.5,0,0,0,0,0,0,0,3,1,0,0,0.5,0,0,0,0,0,0,0,0,0,0,0,0,0,0,0,0,0,0,0,0,0,0,0,0,0,0,3,0,0,0,0,0,0,5,0,0,0,0,0,0,0,0,0,0,0,0,0,0,0,0,0.5,0
Foggy Cove LOW 2019 4,12,0,41,0,0,0,0,0,0,0,0,0,0,0,0,0,0,0,2,0,0,0,0,0.5,0,0,0,1,0,0,9,0,0,0,0,0,0,0,0,0,0,0,0,12,0,3,0,0,0,1,0,0,0,0,0,0.5,0,0,6,1,1,0,0,0,0,0,0,0,0,0,0,3,0,0,2,0,0,0,0,0,0,0,0,1,0,0.5,0,0,0,0,0,0,0,0,0,0,0,16,0,0,0,0,0,0,0,0,0,0,0,0,0,0,0,0,0,0
Foggy Cove LOW 2019 5,15,0,68,0,0,0,0,0,0,0,16,0,0,0,0,0,0,0,4,0,0,0,0,0,0,0,0,3,0,0,7,0,1,0,0,0,0,0,52,0,0,0,0,9,0,16,0,0,0,0,0,0,0,0,0,2,0,0,0,6,7,0,0,3,0,0,0,0,0,0,0,0,0,0,0,0,0,2,0,0,0,1,0.5,0,0,0,0,0,0,0,5,2,0,0,0,0,0,1,1,0,0,0,0,1,0,0,0,0,0,0,0,0,0,0,5,0
Foggy Cove LOW 2019 6,6,0,69,0,0,0,0,0,0,0,0,0,0,0,0,0,0,0,1,0,0,0,0,0,0,0,0,12,0,0,0.5,0,0,0,0,0,0,0,0,0,0,0,0,18,0,8,0,0,0,0.5,0,0,0,0,0,0.5,0,0,0,4,1,0,0,0,0,0,0,0,0,0,0,0,0,0,0,0,0,0,0,0,0,1,0,0.5,0,0.5,0,0,0,0,1,0,0,0,0,0,0,12,0,0,0,0,0,0,0,0,0,0,0,0,0,0,0,0,1,0
Foggy Cove LOW 2019 7,24,0,100,0,0,0,0,0,0,0,1,0,0,0,0,0,0,0,0.5,0,0,0,0,0,0,0,0,0,0,0,2,0,0,0,0,0,0,0,0,0,0,0,0,8,0,4,0,0,0,2,0,0,0,0,0,0,0,0,0,4,0,0,0,1,0,0,0,0,0,0,0,2,0,0,0,0,0,0,0,0,0,5,0,1,0,0,0,0,0,0,3,0,0,0,0,0,0,1.5,0,0,0,0,0,0,0,0.5,0,0,0,0,0,0,3,0,2,0
Foggy Cove LOW 2019 8,27,0,57,0,0,0,0,0,0,0,0,0,0,0,0,0,0,0,2,0,0,0,0,0,0,0,0,0.5,0,0,5,0,0,0,0,0,0,0,0,0,0,0,0,19,0,6,0,0,0,0,0,0,0,0,0,0,0,0,0,3,4,0,0,4,0,0,0,0,0,0,0,0,0,0,0,0,0,0,0,0,0,0,0,4,0,0,0,0,0,0,0,0,0,0,0,0,0,15.5,0,0,0,0,0,0,0,0,0,0,0,0,0,0,0,0,0,0
Foggy Cove LOW 2019 9,6,0,83,0,0,0,0,0,0,0,0.5,0,0,0,0,0,0,0,3,0,0,0,0,0,0,0,0,1,0,0,12,0,0,0,0,0,0,0,0.5,0,0,0,0,29,0,6,0,0,0,0,0,0,0,0,0,0,0,0,0,1.5,1,0,0,0,0,0,0,0,0,0,0,1,0,0,2,0,0,0,0,0,0,3,0,0.5,0,0,0,0,0,0,0.5,0,0,0,0,0.5,0,12,0,0,0,0,0,0,0,0,0,0,0,0,0,0,0,0,2,0
Foggy Cove MID 2019 1,0,0,0,0,0,0,0,0,13,0,0,0,0,0,0,0,0,0,17,0,0,0,0,0,0,0,0,0,0,0,0,0,0,0,0,0,0,0,0,0,3,0,0,0,0,0.5,0,0,0,8,0,0,0,0,0,0,0,0,0,0,0,0,0,0,0,0,0,0,0,0,0,0,0,0,0,0,0,0,0,0,0,0,0,0,0,0,0,0,0,0,0,0,0,0,0,0,0,0,0,0,0,0,0,0,0,0,0,0,0,0,0,0,0,0,0,0
Foggy Cove MID 2019 10,0,0,0,0,0,0,0,0,4,0,0,0,0,0,0,0,0,0,0,0,0,0,0,0,0,0,0,0,0,0,0,0,0,0,0,0,0,0,0,0,14,0,0,11,0,0,0,0,0,0.5,0,0,0,0,0,0,0,0,0,3,0,0,0,0,0,0,0,0,0,0,0,0,0,0,0,0,0,0,0,0,0,0,0,0,0,0,0,0,0,0,0,0,0,0,0,0,0,0,0,0,0,0,0,0,0,0,0,0,0,0,0,0,0,0,0,0
Foggy Cove MID 2019 2,0,0,0,0,0.5,0,0,0,3,0,0,0,0,0,0,0,0,0,5,0,0,0,0,0,0,0,0,0,0,0,0,0,0,0,0,0,0,0,0,0,0,0,0,0,0,0,0,0,0,30,0,0,0,0,0,0,0,0,0,0,0,0,0,0,0,0,0,0,0,0,0,0,0,0,0,0,0,0,1,0,0,0,0,0,0,0,0,0,0,0,0,0,0,0,0,0,0,0,0,0,0,0,0,0,0,0,0,0,0,0,0,0,0,0,0,0
Foggy Cove MID 2019 3,0.5,0,0,0,0,0,0,0,10,0,0,0,0,0,0,0,0,0,1,0,0,0,0,0,0,0,0,0,0,0,0,0,0,0,0,0,0,0,0,0,2,0,0,0,0,0,0,0,0,10.5,0,0,0,0,0,0,0,0,0,0,0,0,0,0,0,0,0,0,0,0,0,0,0,0,0.5,0,0,0,0,0,0,0,0,0,0,0,0,0,0,0,0,0,0,0,0,0,0,0,0,0,0,0,0,0,0,0,0,0,0,0,0,0,0,0,0,0
Foggy Cove MID 2019 4,0,0,0,0,0,0,0,0,1,0,0,0,0,0,0,0,0,0,3,0,0,0,0,0,0,0,0,0,0.5,0,0,0,0,0,0,0,0,0,0,0,16,0,0,0.5,0.5,0.5,0,0,0,4,0,0,0,0,0,0,0,3,0,2.5,0,0,0.5,0,0,0,0,0,0,0,0,0,0,0,0,0,0,0.5,0,0,0,0,0,0,0,2,0,0,0,0,0,0.5,0,0,0,0,0,0,0,0,0,0,0,0,0,0,0,0,0,0,0,0,0,0,0,0
Foggy Cove MID 2019 5,0,0,0,0,0.5,0,0,0,17,0,0,0,0,0,0,0,0,0,0.5,0,0,0,0,0,0,0,0,0.5,0,0,0,0,0,0,0,0,0,0,0,0,4,0,0,0,1,0.5,0,0,0,5,0,0,0,0,0,0,0,0,0,0,0,0,0,0,0,0,0,0,0,0,0,0,0,0,0.5,0,0,0,0,0,0,0,0,1,0,0,0,0,0,0,0,0,0,0,0,0,0,0.5,0,0,0,0,0,0,0,0,0,0,0,0,0,0,0,0,0,0
Foggy Cove MID 2019 6,0,0,0,0,0.5,0,0,0,3,0.5,0,0,0,0,0,0,0,0,2,0,0,0,0,0,0,0,0,0,0,0,0,0,0,0,0,0,0,0,0,0,10,0,0,14,0,0,0,0,0,15,0,0,0,0,0,0,0,0,0,6,0,0,0,0,0,0,0,0,0,0,0,0,0,0,0,0,0,0,0,0,0,0,0,0,0,0,0,0,0,0,0,0,0,0,0,0,0,0.5,0,0,0,0,0,0,0,0,0,0,0,0,0,0,0,0,0,0
Foggy Cove MID 2019 7,0,0,0,0,0,0,0,0,7,0.5,0,0,0,0,0,0,0,0,0,0,0,0,0,0,0,0,0,0,0,0,0,0,0,0,0,0,0,0,0,0,2,0,0,0,0,0,0,0,0,7,0,0,0,0,0,0,0,0,0,0,0,0,0,0,0,0,0,0,0,0,0,0,0,0,0,0,0,0,0,0,0,0,0,0,0,0,0,0,0,0,0,0,0,0,0,0,0,0,0.5,0,0,0,0,0,0,0,0,0,0,0,0,0,3,2,0,0
Foggy Cove MID 2019 8,0,0,0,0,0,0,0,0,0,0.5,0,0,0,0,0,0,0,0,0,0,0,0,0,0,0,0,0,0,0,0,0,0,0,0,0,0,0,0,0,0,0,0,0,4,0,0,0,0,0,15,0,0,0,0,0,0,0,0,0,9,0,0,0,0,0,0,0,0,0,0,0,0,0,0,0,0,0,0,0,0,0,0,0,0,0,0,0,0,0,0,0,0,0,0,0,0,0,1,0,0,0,0,0,0,0,0,0,0,0,0,0,0,0,0,0,0
Foggy Cove MID 2019 9,0,0,0,0,0,0,0,0,19,0.5,0,0,0,0,0,0,0,0,0,0,0,0,0,0,0,0,0,0,0,0,0,0,0,0,0,0,0,0,0,0,6,0,0,3,0,0,0,0,0,21,0,0,0,0,0,0,0,0,0,0,0,0,0,0,0,0,0,0,0,0,0,0,0,0,0,0,0,0,0,0,0,0,0,0.5,0,0,0,0,0,0,0,0,0,0,0,0,0,1,0,0,0,0,0,0,0,0,0,0,0,0,0,0,0,0,0,0
Foggy Cove HIGH 2019 1,0,0,0,0,0,0,0,0,3,0,0,0,0,0,0,0,0,0,0,0,0,0,0,0,0,0,0,0,0,0,0,0,0,0,0,0,0,0,0,0,3,0,0,14,3,0,0,0,0,0,0,0,0,0,0,0,0,0,0,0,0,0,0,0,0,0,0,0,0,0,0,0,0,0,0,0,0,0,0,0,0,0,0,0,0,0,0,0,0,0,0,0,0,0,0,0,0,0,0,0,0,0,0,0,0,0,0,0,0,0,0,0,0,0,0,0
Foggy Cove HIGH 2019 10,0,0,0,0,0,0,0,0,11,0,0,0,0,0,0,0,0,0,0,0,0,0,0,0,0,0,0,0,0,0,0,0,0,0,0,0,0,0,0,0,3,0,0,16,5,0,0,0,0,0,0,0,0,0,0,0,0,0,0,1,0,0,0,0,0,0,0,0,0,0,0,0,0,0,0,0,0,0,0,0,0,0,0,0,0,0,0,0,0,0,0,0,0,0,0,0,0,1,0,0,0,0,0,0,0,0,0,0,0,0,0,0,0,0,0,0
Foggy Cove HIGH 2019 2,0,8,0,0,0,0,0,0,16,0,0,0,0,0,0,0,0,0,0,0,0,0,0,0,0,0,0,0,1,0,0,0,0,0,0,0,0,0,0,0,8,0,0,10,2,0.5,0,0,0,3,0,0,0,0,0,0,0,0,0,0,0,0,0,0,0,0,0,0,0,0,0,0,0,0,1,0,0,0,0,0,0,0,0,0,0,0.5,0,0,0,0,0,0,0,0,0,0,0,0.5,0,0,0,0,0,0,0,0,0,0,0,0,0,0,0,0,0,0
Foggy Cove HIGH 2019 3,0,0,0,0,0,0,0,0,2,0,0,0,0,0,0,0,0,0,0,0,0,0,0,0,0,0,0,0,0,0,0,0,0,0,0,0,0,0,0,0,10,0,0,38,0.5,0,0,0,0,4,0,0,0,0,0,0,0,0,0,1,0,0,0,0,0,0,0,0,0,0,0,0,0,0,0,0,0,0,0,0,0,0,0,1,0,0,0,0,0,0,0,0,0,0,0,0,0,5,0,0,0,0,0,0,0,0,0,0,0,0,0,0,0,0,0,0
Foggy Cove HIGH 2019 4,0,0,0,0,0.5,0,0,0,17,0,0,0,0,0,0,0,0,0,0,0,0,0,0,0,0,0,0,0,0,0,0,0,0,0,0,0,0,0,0,0,4,0,0,7,0.5,0,0,0,0,0.5,0,0,0,0,0,0,0,0,0,1,0,0,0,0,0,0,0,0,0,0,0,0,0,0,0,0,0,0,0,0,0,0,0,0,0,0,0,0,0,0,0,0,0,0,0,0,0,0,0,0,0,0,0,0,0,0,0,0,0,0,0,0,0,0,0,0
Foggy Cove HIGH 2019 5,0,0,0,0,0,0,0,0,1,0,0,0,0,0,0,0,0,0,0,0,0,0,0,0,0,0,0,0,0,0,0,0,0,0,0,0,0,0,0,0,4,0,0,6,0,0,0,0,0,6,0,0,0,0,0,0,0,0,0,0,0,0,0,0,0,0,0,0,0,0,0,0,0,0,0,0,0,0,0,0,0,0,0,0.5,0,0,0,0,0,0,0,0,0,0,0,0,0,0,0,0,0,0,0,0,0,0,0,0,0,0,0,0,0,0,0,0
Foggy Cove HIGH 2019 6,0,0,0,0,0.5,0,0,0,2,0,0,0,0,0,0,0,0,0,1,0,0,0,0,0,0,0,0,0,0,0,0,0,0,0,0,0,0,0,0,0,1,0,0,6,1,0,0,0,0,0,0,0,0,0,0,0,0,0,0,1,0,0,0,0,0,0,0,0,0,0,0,0,0,0,0,0,0,0,0,0,0,0,0,4,0,0,0,0,0,0,0,0,0,0,0,0,0,0,0,0,0,0,0,0,0,0,0,0,0,0,0,0,0,0,0,0
Foggy Cove HIGH 2019 7,0,0,0,0,3,0,0,0,10,0,0,0,0,0,0,0,0,0,0.5,0,0,0,0,0,0,0,0,0,0,0,0,0,0,0,0,0,0,0,0,0,7,0,0,1,0.5,0,0,0,0,0,0,0,0,0,0,0,0,0,0,4,0,0,0,0,0,0,0,0,0,0,0,0,0,0,0,0,0,0,0,0,0,0,0,0,0,0,0,0,0,0,0,0,0,0,0,0,0,1,0,0,0,0,0,0,0,0,0,0,0,0,0,0,0,0,0,0
Foggy Cove HIGH 2019 8,0,0,0,0,0,0,0,0,3,0,0,0,0,0,0,0,0,0,0,0,0,0,0,0,0,0,0,0,0,0,0,0,0,0,0,0,0,0,0,0,7,0,0,0.5,1.5,0,0,0,0,0,0,0,0,0,0,0,0,0,0,0,0,0,0,0,0,0,0,0,0,0,0,0,0,0,0,0,0,0,0,0,0,0,0,0,0,0,0,0,0,0,0,0,0,0,0,0,0,1,0,0,0,0,0,0,0,0,0,0,0,0,0,0,0,0,0,0
Foggy Cove HIGH 2019 9,0,0,0,0,0,0,0,0,2,0,0,0,0,0,0,0,0,0,0,0,0,0,0,0,0,0,0,0,0,0,0,0,0,0,0,0,0,0,0,0,8,0,0,16,0,0,0,0,0,3,0,0,0,0,0,0,0,0,0,1,0,0,0,0,0,0,0,0,0,0,0,0,0,0,0,0,0,0,0,0,0,0,0,0,0,0,0,0,0,0,0,0,0,0,0,0,0,0,0,0,0,0,0,0,0,0,0,0,0,0,0,0,0,0,0,0
North Beach LOW 2019 1,0,0,0.5,0,0,0,0,0,0,0,20,2,0,0,0,0,0,0,0,0,0,0,0,0,0,0,0,13,32,0,0,0,0,0,0,0,2,0,0,0,0,0,0,0,0,0,0,100,0,6,0,0.5,0.5,0,0,0,0,3,0,0,0,0,0,0,0,0,0,0,0,0,0,0,0,0,0,0,0,0,0,0,0,0,0,0,1,0,0,0,1,0,0,0,0,0,0,0,0,3,0,0,0,0,0,0.5,0,0,0,0,0,0,0,0,0.5,0,0,1
North Beach LOW 2019 10,0,0,100,0,0,0,0,0,0,0,7,0,0,0,0,0,0,0,0,0,1,0,0,0,0,0,0,10,6,0,0,0,0,0,0,0,0,0,0,0,0,0,0,0,0,0,25,0,0,6,0,1,0,0,0,0,0,0,0,0,0,0,0,3,0,0,0,0,0,0,0,0,1,0,0,0,0,50,0,0,0,0,0,0,1,0,0,0,0,0,0.5,0,0,0,0,0,0,0,0,0,0,0,0,0,0,0,0,0,0,0,0,0,0,0,0,0
North Beach LOW 2019 2,0,0,0,0,0,0,0,0,0,0,10,2,1,0,0,0,0,0,0,0,0,0,0,0,3,0,0,13,6,0,0,0,0,0,0,0,6,0,0,0,0,0,0,0,0,0.5,0,100,0,7,0,1,0,0,0,0,0,4,0,0,0,0,0,0,0,0,0,0,0,0,0,0,1,0,0,0,0,0,0,0,0,0,0,0,3,0,0,0,0,0,0,0,0,0,0,0,0,3,0,0,0,0,0,0,0,0,0,0,0,0,0,0,0,0.5,0,0
North Beach LOW 2019 3,0,0,2,0,0,0,0,0,0,0,32,0,0,0,0,0,0,0,0,0,0,0,0,0,0,0,0,33,6,0,0,0,0,0,0,0,22,0,0,0,0,0,0,0,0,0,0,100,0,1.5,0,1,0,2,0,0,0,4,0,0,0,0,0,3,0,0,0,0,0,0,0,0,4,0,0,0,0,0,0,0,0,0,0,0.5,0,0.5,0,0,1,0,0,0,0.5,0,0,0,0,0,0.5,0,0,0,0,0.5,0,0,0,0,0,0,0,0,1,0,0,0
North Beach LOW 2019 4,0,0,0.5,0,0,0,0,0,0,0,8.5,0,0,0.5,0,0,0,0,0,0,3,0,0,0,1,0,0,19,17,0,0,0,0,0,0,0,1,0,0,0,0,0,0,0,0,0,0,99,0,13,0,3,0,0,0,0,0,4,0,0,0,0,0,0,0,0,0,0,0,0,0,0,2,0,0,0,0,0,0,0,0,0,0,0,0,5,0,0,0,0,0,0,0,0,0,0,0,0,12,0,0,0,0,1,0,0,0,0,0,0,0,0,1,0,0,0
North Beach LOW 2019 5,0,0,0,0,0,0,0,0,0,0,18,0,8,0,0,0,0,0,0,0,0,0,0,0,0.5,0,0,19,2,0,0,0,0,0,0,0,2,0,0,0,0,0,0,0,0,0,0,94,0,8,0,1,0,0,0,0,0,1,0,0,0,0,0,0,0,0,0,0,0,0,0,0,1,0,0,0,0,0,0,0,0,0,0,0,2,50,0,0,0,0,0,0,0,0,0,0,0,0.5,0,0,0,0,0,0,0,0,13,0,0,0,0,0,2,0,0.5,2
North Beach LOW 2019 6,0,0,100,0,0,0,0,0,0,0,16,0,0,1,0,0,0,0,0,0,0,0,0,0,0,0,0,23,7,0,0,0,0,0,0,0,0,0,0,0,0,0,0,0,0,0.5,0,100,0,7,0,3,0,0,0,0,0,2,0,0,0,0,0,2,0,0,0,0,0,0,0,0,0.5,0,0,0,0,0.5,0,0,0,0,0,0,0,0,0,0,1,0,0,0,0,0,0,0,0,0,0,0,0,0,0,0,0,0,0,0,0,0,0,0,0,0,0,0
North Beach LOW 2019 7,0,0,97,0,0,0,0,0,0,0,31,0,0,0,0,0,0,0,0,0,0,0,0,0,0,0,0,12,4,0,0,0,0,0,0,0,0.5,0,0,0,0,0,0,0,0,0,0,56,0,9,0,0,0,0,0,0,0,12,0,3,0,0,0,0,0,0,0,0,0,0,0,0,2,0,0,0,0,0,0,0,0,0,0,0,0,0,0,0,0,0,0,0,0,0,0,0,0,1,0.5,0,0,0,0,0,0,0,0,0,0,0,0,0,0,0,0,0
North Beach LOW 2019 8,0,0,100,0,0,0,0,0,0,0,10,1,0,0,0,0,0,0,4,0,0,0,0,0,0,0,0,10,7,0,0,0,0,0,0,0,0,0,0,0,0,0,0,0,0,0,30,0,0,4,0,1,0,0,0,0,0,0,0,0,0,0,0,0,0,0,0,0,0,0,0,0,0,0,0,0,0,0,0,0,0,0,0,0,1,0,0,0.5,0,0,0,0,0,0,0,0,0,0,0,0,0,0,0,0,0,0,0,0,0,0,0,0,0,0,0,0
North Beach LOW 2019 9,0.5,0,58,0,0,0,0,0,0,0,13,5,0,1,0,0,0,0,0,0,0,0,0,3,0,0,0,0,0.5,0.5,0,0,0,0,0,0,1,0,0,0,0,0,0,1,0,1,0,58,0,7,0,0,0,0,0,0,0,0,0,0,0,0,0,7,0,0,0,3,0,0,0,0,1,0,0,0,0,23,0,0,0,0,0,5,0,0,0,3,0,0,0,0,3,0,0,0,0,0,1.5,0,0,0,0,0.5,0.5,0,0,0,0,0,0,0,0,0,0.5,0
North Beach MID 2019 1,2,0,3,0,2,0,0,0,2,0,0,0,0,0,0,0,0,0,3,0,0,0,0,0,0,0,0,6,0,0,0,0,0,0,0,0,0,0,0,0,1,0,0,70,0,4,0,0,0,35,0,0,0,0,0,0.5,0,0,0,6,0,0,0,0,0,0,0,8,0,0,0,0,0,0,0,0,0,0,0,0,0,0,0,0.5,0,0,0,0,0,0,0,0,0,0,0,0,0,36,0,0,0,0,0,0,0,0,0,0,0,0,0,0,0,0,0.5,0
North Beach MID 2019 10,6,0,2,0,3,0,0,0,0,0,0,0,0,0,0,0,0,0,10,0,0,0,0,0,0,0,0,0,0,0,0,0,0,0,0,0,0,0,0,0,0,0,0,8,0,0.5,0,0,0,54,0,0,0,0,0,0,0,0,0,0.5,0,0,0,0,0,0,0,0,0,0,0,0,0,0,0,0,0,0,0,0,0,0,0,0,0,0,0,0,0,0,0,0,0,0,0,0,0,51,0,0,0,0,1,0,0,0,0,0,0,0,0,0,0,0,0.5,0
North Beach MID 2019 2,2,0,3,0.5,4,0,0,0,1,0,0,0,0,0,0,0,0,0,0,0,0,0,0,0,0,0,0,4,0,0,1,0,0,0,0,0,0,0,0,0,3,0,0,0,0,22,0,0,0,3,0,0,0,0,0,0,0,0,0,0,0,0,0,0,0,0,0,4,0,0,0,0,0,0,0,0,0,0,0,0,0,0,0,0,0,0,0,1,0,0,0,0,0,0,0,0,0,40,0,0,0,0,0,0,0,2,0,0,0,0,0,0,0,0,0.5,0
North Beach MID 2019 3,2,0,0,0,4,0,0,0,2,0,0,0,0,0,0,0,0,0,0,0,0,0,0,0,0,2,0,3,0,0,0,0,0,0,0,0,0,0,0,0,0,0,0,10,0,2,0,0,0,29,0,0,0,0,0,0,0,0,0,0,0,0,0,0,0,0,0,0,0,0,0,0,0,0,0,0,0,0,0,0,0,0,0,0,0,0,0,0,0,0,0,9,0,0,0,0,0,22,0,0,0,0,0,0,0,0,0,0,0,0,0,0,0,0,2,0
North Beach MID 2019 4,0,0,0.5,0,12,0,0,0,4,0,0.5,0,0,0,0,0,0,0,0,0,0,0.5,0,0,0,0,0,8,0,0,0,0,0,0,0,0,0,0,0,0,1,0,0,10,0,0.5,0,0,0,25,0,0,0,0,0,0.5,0,0,0,0,0,0,0,0,0,0,0,0,0,0.5,0,0,0,0,0,0,0,0,0,0,0,0,0,0.5,0,0,0,0,0,0,0,0,0,0,0,0,0,16,0,0,0,0,15,0,0,0,0,0,0,0,0,0,0,0,1,0
North Beach MID 2019 5,0,0,0,0,7,0,0,0,6,0,0,0,0,0,0,0,0,0,1,0,0,1,0,0,0,0,0,0,0,0,0,0,0,0,0,0,0,0,0,0,1,0,0,0,0,0,0,0,0,17,0,0,0,0,0,0,0,0,0,0,0,0,0,0,0,0,0,0,0,0,0,0,0,0,0,0,0,0,0,0,0,0,0,0,0,0,0,0,0,0,0,3,0,0,0,0,0,6,0,0,0,0,0,0,0,0,0,0,0,0,0,0,0,0,0,0
North Beach MID 2019 6,0,0,0,0,6,0,0,0,48,0,0,0,0,0,0,0,0,0,0,0,0,0.5,0,0,0,0.5,0,2,0,0,0,0,0,0,0,0,0,0,0,0,0,0,0,0,1,0.5,0,0,0,20,0,0,0,0,0,0,0,0,0,0,0,0,0,0,0,0,0,0,0,0,0,0,0,0,0,0,0,0,0,0,0,0,0,0,0,0,0,0,0,0,0,5,0,0,0,0,0,9,0,0,0,0,0,0,0,0,0,0,0,0,0,0,0,0,0.5,0
North Beach MID 2019 7,2,0,0,0,9,0,0,0,16,0,0.5,0,0,0,0,0,0,0,0,0,0,0,0,0,0,5,0,19,0,0,0,0,0,0,0,0,0,0,0,0,0.5,0,0,0,0.5,0.5,0,0,0,9,0,0,0,0,0,0,0,0,0,0,0,0,0,0,0,0,0,1,0,0,0,0,0,0,0,0,0,0,0,0,0,0,0,0,0,17,0,0,0,0,0,0,2,0,0,0,0,1,0,0,0,0,0,0,0,0,0,0,0,0,0,0,0,0,0,0
North Beach MID 2019 8,0,0,0,0,2,0,0,0,21,0,0,0,0,0,0,0,0,0,0,0,0,3,0,0,0,1,0,1,0,0,0,0,0,0,0,0,0,0,0,0,0,0,0,1,1,0,0,0,0,16,0,0,0,0,0,0,0,0,0,0,0,0,0,0,0,0,0,0,0,0,0,0,0,0,0,0,0,0,0,0,0,0,0,0,0,0,0,0,0,0,0,0,0,0,0,0,0,8,0,0,0,0,0,0,0,0,0,0,0,0,0,0,0,0,0,0
North Beach MID 2019 9,0,0,0,0,7,0,0,0,17,0,0,0,0,0,0,0,0,0,0,0,0,2,0,0,0,2,0,4,0,0,0,0,0,0,0,0,0,0,0,0,1,0,0,2,0.5,0,0,0,0,54,0,0,0,0,0,0,0,0,0,0.5,0,0,0,0,0,0,0,0,0,0.5,0,0,0,0,0,0,0,0,0,0,0,0,0,0,0,0,0,0,0,0,0,0,0,0,0,0,0,8.5,0,0,0,0,0,0,0,0,0,0,0,0,0,0,0,0,0.5,0
North Beach HIGH 2019 1,0,0,0,0,0,0,0,0,80,0,0,0,0,0,0,0,0,0,0,0,0,0,0,0,0,0,0,0,0,0,0,0,0,0,0,0,0,0,0,0,1,0,0,2,0.5,0,0,0,0,13,0,0,0,0,0,0,0,0,0,1,0,0,0,0,0,0,0,0,0,0.5,0,0,0,0,0,0,0,0,0,0,0,0,0,0,0,0,0,0,0,0,0,0,0,0,0,0,0,1.5,0,0,0,0,0,0,0,0,0,0,0,0,0,0,0,0,0,0
North Beach HIGH 2019 10,0,0,0,0,0,0,0,0,0.5,0,0,0,0,0,0,0,0,0,0,0,0,0,0,0,0,0,0,0,0,0,0,0,0,0,0,0,0,0,0,0,0,0,0,97,0,0,0,0,0,92,0,0,0,0,0,0,0,0,0,1,0,0,0,0,0,0,0,0,0,0,0,0,0,0,0,0,0,0,0,0,0,0,0,1,0,0,0,0,0,0,0,0,0,0,0,0,0,8,0,0,0,0,0,0,0,0,0,0,0,0,0,0,0,0,0,0
North Beach HIGH 2019 2,2,0,0,0,0,0,0,0,55,0,0,0,0,0,0,0,0,0,0.5,0,0,0,0,0,0,0,0,0,0,0,0,0,0,0,0,0,0,0,0,0,1,0,0,3,0.5,0.5,0,0,0,23,0,0,0,0,0,0,0,0,0,0.5,0,0,0,0,0,0,0,0,0,0,0,0,0,0,0,0,0,0,0,0,0,0,0,0,0,0,0,0,0,0,0,0,0,0,0,0,0,8,0,0,0,0,0,0,0,0,0,0,0,0,0,0,0,0,0.5,0
North Beach HIGH 2019 3,0,0,0,0,0,0,0,0,35,0,0,0,0,0,0,0,0,0,0,0,0,0,0,0,0,0,0,0,0,0,0,0,0,0,0,0,0,0,0,0,0,0,0,0,0,0,0,0,0,0.5,0,0,0,0,0,0,0,0,0,0,0,0,0,0,0,0,0,0,0,0,0,0,0,0,0,0,0,0,0,0,0,0,0,0.5,0,0,0,0,0,0,0,0,0,0,0,0,0,0,0,0,0,0,0,0,0,0,0,0,0,0,0,0,0,0,0,0
North Beach HIGH 2019 4,0.5,0,0,0,0,0,0,0,50,0,0,0,0,0,0,0,0,0,0,0,0,0,0,0,0,0,0,0,0,0,0,0,0,0,0,0,0,0,0,0,1,0,0,6,0,0.5,0,0,0,41,0,0,0,0,0,0,0,0,0,0,0,0,0,0,0,0,0,0,0,12,0,0,0,0,0,0,0,0,0,0,0,0,0,0,0,0,0,0,0,0,0,0,0,0,0,0,0,2,0,0,0,0,1,0,0,0,0,0,0,0,0,0,0,0,0,0
North Beach HIGH 2019 5,0,0,0,0,0.5,0,0,0,65,0,0,0,0,0,0,0,0,0,0,0,0,2,0,0,0,0,0,0,0,0,0,0,0,0,0,0,0,0,0,0,1,0,0,14,0,0.5,0,0,0,9,0,0,0,0,0,0,0,0,0,0,0,0,0,0,0,0,0,0,0,10,0,0,0,0,0,0,0,0,0,0,0,0,0,1,0,0,0,0,0,0,0,0,0,0,0,0,0,12.5,0,0,0,0,0,0,0,0,0,0,0,0,0,0,0,0,0.5,0
North Beach HIGH 2019 6,0,0,0,0,1,0,0,0,37,0,0,0,0,0,0,0,0,0,0,0,0,0.5,0,0,0,0,0,0,0,0,0,0,0,0,0,0,0,0,0,0,0,0,0,3,1,0,0,0,0,14,0,0,0,0,0,0,0,0,0,0,0,0,0,0,0,0,0,0,0,5,0,0,0,0,0,0,0,0,0,0,0,0,0,1,0,0,0,0,0,0,0,0,0,0,0,0,0,0,0,0,0,0,0,0,0,0,0,0,0,0,0,0,0,0,0,0
North Beach HIGH 2019 7,5,0,0,0,3,0,0,0,5,0,0,0,0,0,0,0,0,0,7,0,0,0,0,0,0,0,0,0,1,0,0,0,0,0,0,0,0,0,0,0,0,0,0,25,0,6,0,0,0,50,0,0,0,0,0,0,0,0,0,5,0,0,0,0,0,0,0,0,0,0,0,0,0,0,0,0,0,0,0,0,0,0,0,0,0,0,0,0,0,0,0,0,0,0,0,0,0,10,0,0,0,0,1,0,0,0,0,0,0,0,0,0,0,0,9,0
North Beach HIGH 2019 8,0,0,0,0,0,0,0,0,65,0,0,0,0,0,0,0,0,0,0,0,0,0,0,0,0,0,0,0,0,0,0,0,0,0,0,0,0,0,0,0,0,0,0,3,0.5,0,0,0,0,18,0,0,0,0,0,0,0,0,0,1,0,0,0,0,0,0,0,0,0,0.5,0,0,0,0,0,0,0,0,0,0,0,0,0,0,0,0,0,0,0,0,0,0,0,0,0,0,0,1,0,0,0,0,0,0,0,0,0,0,0,0,0,0,0,0,0,0
North Beach HIGH 2019 9,0,0,0,0,0,0,0,0,74,0,0,0,0,0,0,0,0,0,0,0,0,0,0,0,0,0,0,0,0,0,0,0,0,0,0,0,0,0,0,0,0,0,0,2,0,0,0,0,0,19,0,0,0,0,0,0,0,0,0,0,0,0,0,0,0,0,0,0,0,1,0,0,0,0,0,0,0,0,0,0,0,0,0,0,0,0,0,0,0,0,0,0,0,0,0,0,0,0.5,0,0,0,0,0,0,0,0,0,0,0,0,0,0,0,0,0,0
