UID,Year,quadrat,Shore_height_cm,Quadrat,meter.point,transect,Meter.point,Acrosiphonia,Ahnfeltia.fastigiata,Alaria.marginata,Analipus.japonicus,Antithamnion.defectum,Antithamnionella.spp.,Bangia.sp.,Blidingia,Bossiella_articulate,Calliarthron.tuberculosum,Callithamnion.pikeanum,Callophyllis.sp.,Ceramium.codicola,Ceramium.pacificum,Chaetomorpha.cannabina,Chamberlainium.tumidum,Chiharaea.rhododactyla,Chiharaea.silvae,Cladophora.columbiana,Cladophora.sericea,Codium.fragile,Codium.setchellii,Collinsiella.tuberculata,Colpomenia.peregrina,Corallina,coralline.crust,Costaria.costata,Cryptosiphonia.woodii,Cumathamnion.decipiens,Dactylosiphon.bullosus,Desmarestia.aculeata,Desmarestia.ligulata,Dilsea.californica,Ectocarpus.commensalis,Ectocarpus.sp.,Egregia.menziesii,Elachista.fucicola,Endocladia.muricata,Erythrotrichia.carnea,Farlowia.mollis,Fucus.distichus,Gloiopeltis.furcata,Halosaccion.glandiforme,Hedophyllum.nigripes,Hedophyllum.sessile,Herposiphonia.plumula,Hildenbrandia,Hymenena.spp.,Johansenia.macmillanii,Laminaria.setchellii,Laminaria.yezoensis,Leathesia.marina,Lithothamnion.glaciale,Lithothamnion.phymatodeum,Lomentaria.hakodatensis,Mastocarpus,Mazzaella.oregona,Mazzaella.parksii,Mazzaella.parvula,Mazzaella.splendens,Melanosiphon.intestinalis,Melobesia.sp.,Mesophyllum.vancouveriense,Microcladia.borealis,Monostroma.grevillei,Nemalion.helminthoides,Neogastroclonium.subarticulatum,Neopolyporolithon.reclinatum,Neorhodomela.aculeata,Neorhodomela.larix,Neorhodomela.oregona,Nereocystis.luetkeana,Odonthalia.floccosa,Odonthalia.floccosa.f..comosa,Opuntiella.californica,Osmundea.spectabilis,Palmaria.hecatensis,Palmaria.mollis,Petrocelis,Peyssonnelia.sp.,Phyllospadix.spp.,Plocamium.pacificum,Plocamium.violaceum,Polyneura.latissima,Polysiphonia,Prionitis,Pterocladiella.caloglossoides,Pterygophora.californica,Ptilota.filicina,Pylaiella.littoralis,Pyropia,Ralfsioid,Rhizoclonium.tortuosum,Rhodochorton.purpureum,Salishia.firma,Savoiea.robusta,Schizymenia.pacifica,Scytosiphon.dotyi,Scytosiphon.lomentaria,Smithora.naiadum,Soranthera.ulvoidea,Sphacelaria.rigidula,Symphyocladiella.dendroidea,Tokidadendron.bullatum,Ulva,Unknown.crust,prepost,elev.var,localrich
Fifth Beach HIGH 2019 2,2019,Fifth Beach HIGH 10,305,2,10,Fifth Beach HIGH,10,2,0,0,0,0,0,0,0,0,0,1,0,0,0,0,0,0,0,0,0,0,0,0,0,0,0,0,0,0,0,0,0,0,0,0,0,0,0.5,0,0,20,0,0.5,0,0,0,2.5,0,0,0,0,0,0,0,0,0,0,0,0,0,0.5,0,0,1,0,0,0,0,0,0,0,0,0,0,0,0,0,0,0,0,0,0,0,0,1,0,0,0,0,0,10,0,0,0,0,0,0,0,0,0,0,0,0,0,1,0,post,0.18647093938073894,11
Fifth Beach HIGH 2012 2,2012,Fifth Beach HIGH 10,305,2,10,Fifth Beach HIGH,10,0,0,0,1,0,0,0,0,0,0,0,0,0,0,0,0,0,0,2,0,0,0,0,0,0,0,0,1,0,0,0,0,0,0,0,0,0.5,2,0,0,88,0,12,0,0,0,35,0,0,0,0,0,0,0,0,5.5,0,0,1,0,0,0,0,0.5,0,0,0,0,0,0,0,0,0,0,0,0,0,0,0.5,0,0,0,0,0,0,0,0,0,0,0,1,0,0,0,0,0,0,0,0,0,0,0,0,0,1,0,pre,0.20037695424765758,14
Fifth Beach HIGH 2019 3,2019,Fifth Beach HIGH 12,315,3,12,Fifth Beach HIGH,12,1,0,0,0,0,0,0,0,0,0,0,0,0,0,0,0,0,0,0,0,0,0,0,0,0,0,0,0.5,0,0,0,0,0,0,0,0,0,3,0,0,15,0,0,0,0,0,5,0,0,0,0,0,0,0,0,0,0,0,0,0,0,0,0,0,0,0,0,0,0,0,0,0,0,0,0,0,0,0,0.5,0,0,0,0,0,0,0,0,0,0,0,11,0,0,0,0,0,0,0,0,0,0,0,0,0,1,0,post,0.22018928460587114,8
Fifth Beach HIGH 2019 4,2019,Fifth Beach HIGH 14,278,4,14,Fifth Beach HIGH,14,0,0,0,0,0,0,0,0,0,0,0,0,0,0,0,1,0,0,0.5,0,0,0,0,0,0,0,0,0,0,0,0,0,0,0,0,0,0,8,0,0,38,0,0.5,0,0,0,4,0,0,0,0,0,0,0,0,5,0,0,0,0,0,0,0,0,0,0,0,0,0,0,0,0,0,0,0,0,0,0,0,0,0,0,0,0,0,0,0,0,0,0,14.5,0,0,0,0,0,0,0,0,0,0,0,0,0,1,0,post,0.17659426279011764,9
Fifth Beach HIGH 2012 3,2012,Fifth Beach HIGH 14,278,3,14,Fifth Beach HIGH,14,0,0,2,0,0,0,0,0,0,0,0,0,0,0,0,1,0,0,0,0,0,0,0,0,0,0,0,4,0,0,0,0,0,0,0,0,2,0,0,0,98,0,3,0,0,0,30,0,0,0,0,0,0,0,0,8,8,0,0,0,0,0,0,0,0,0,0,0,0,0,0,0,0,0,0,0,0,0,0,0,0,0,0,0,0,0,0,0,0,0,3,0,0,0,0,0,0,0,0,0,0,0,0,0,5,0,pre,0.15925922593732447,11
Fifth Beach HIGH 2019 5,2019,Fifth Beach HIGH 16,348,5,16,Fifth Beach HIGH,16,1,0,0,0,0,0,0,0,0,0,0,0,0,0,0,0,0,0,0,0,0,0,0,0,0,0,0,0,0,0,0,0,0,0,0,0,0,1,0,0,15,0,0.5,0,0,0,13,0,0,0,0,0,0,0,0,0.5,0,0,0,0,0,0,0,0,0,0,0,0,0,0,0,0,0,0,0,0,0,0,0.5,0,0,0,0,0,0,0,0,0,0,0,2.5,0,0,0,0,0,0,0,0,0,0,0,0,0,0.5,0,post,0.1508927695399095,9
Fifth Beach HIGH 2012 4,2012,Fifth Beach HIGH 17,338,4,17,Fifth Beach HIGH,17,1,0,0,0,0,0,0,0,0,0,0,0,0,0,0,0,0,0,0,0,0,0,0,0,0,0,0,0,0,0,0,0,0,0,0,0,0,1,0,0,70,0,0,0,0,0,10,0,0,0,0,0,0,0,0,2,0,0,0,0,0,0,0,0,0,2,0,0,0,0,0,0,0,0,0,0,0,0,0,0,0,0,0,0,0,0,0,0,0,0,8,0,0,0,0,0,0,0,0,0,0,0,0,0,3,0,pre,0.0957390973422991,8
Fifth Beach HIGH 2019 6,2019,Fifth Beach HIGH 18,313,6,18,Fifth Beach HIGH,18,3,0,0,0,0,0,0,0,0,0,0,0,0,0,0,9,0,0,0,0,0,0,0,0,1,0,0,0,0,0,0,0,0,0,0,0,0,8,0,0,70,0,0.5,0,0,0,92,0,0,0,0,0,0,0,0,10,0,0,0,0,0,0,0,0,0,0,0,0,0,0,0,0,0,0,0,0,0,0,0,0,0,0,0,0,0,0,0,0,0,0,11,0,0,0,0,0,0,0,0,0,0,0,0,0,2,0,post,0.2102493151126249,10
Fifth Beach HIGH 2012 5,2012,Fifth Beach HIGH 18,313,5,18,Fifth Beach HIGH,18,0.5,0,0,0,0,0,0,0,0,0,0,0,0,0,0,3,0,0,0,0,0,0,0,0,0,0,0,0,0,0,0,0,0,0,0,0,2,2,0,0,70,0,0.5,0,0,0,40,0,0,0,0,0,0,0,0,15,3,0,0,0,0,0,0,0,0,0,0,0,0,0,0,0,0,0,0,0,0,0,0,0,0,0,0,0,0,0,0,0,0,0,3.5,0,0,0,0,0,0,0,0,0,0,0,0,0,13.5,0,pre,0.1127648011434637,11
Fifth Beach HIGH 2012 1,2012,Fifth Beach HIGH 2,350,1,2,Fifth Beach HIGH,2,0,0,0,0,0,0,0,0,0,0,0,0,0,0,0,0,0,0,2,0,0,0,0,0,0,0,0,0,0,0,0,0,0,0,0,0,0,3,0,0,75,2,0,0,0,0,0,0,0,0,0,0,0,0,0,6,0,0,0,0,0,0,0,0,0,0,0,0,0,0,0,0,0,0,0,0,0,0,10,0,0,0,0,0,0,0,0,0,0,0,5,0,0,0,0,0,0,0,0,0,0,0,0,0,3,0,pre,0.09345897913973174,8
Fifth Beach HIGH 2019 7,2019,Fifth Beach HIGH 20,312,7,20,Fifth Beach HIGH,20,0.5,0,0,0,0,0,0,0,0,0,0.5,0,0,0,0,0,0,0,0,0,0,0,0,0,0,0,0,0,0,0,0,0,0,0,0,0,0,7,0,0,0.5,0,0,0,0,0,10.5,0,0,0,0,0,0,0,0,1,0,0,0,0,0,0,0,0,0,0,0,0,0,0,0,0,0,0,0,0,0,0,0,0,0,0,0,0,0,0,0,0,0,0,30,0,0,0,0,2,0,0,0,0,0,0,0,0,0.5,0,post,0.17146715354959632,9
Fifth Beach HIGH 2012 6,2012,Fifth Beach HIGH 21,319,6,21,Fifth Beach HIGH,21,5,0,2,0.5,0,0,0,0,0,0,1,0,0,0,0,8,0,0,0,0,0,0,0,0,1.5,0,0,4,0,0,0,0,0,0,0,0,0,18,0,0,1.5,0,1,0,0,0,0,0,0,0,0,0,0,0,0,75,4,3,0,0,0,0,0,0,0,0.1,0,0,0,0,0,0,0,0,0,0,0,0,12,0,0,0,0,0,2.5,0,0,0,0,0,3,0,0,0,0,0,0,0,0,0,0,0,0,0,5,0,pre,0.2032520788396655,18
Fifth Beach HIGH 2019 8,2019,Fifth Beach HIGH 22,337,8,22,Fifth Beach HIGH,22,1,0,0,0,0,0,0,0,0,0,0,0,0,0,0,0,0,0,0,0,0,0,0,0,0,0,0,0,0,0,0,0,0,0,0,0,0,3,0,0,1,0,0,0,0,0,1.5,0,0,0,0,0,0,0,0,0,0,0.5,0,0,0,0,0,0,0,0,0,0,0,0,0,0,0,0,0,0,0,0,1,0,0,0,0,0,3,0,0,0,0,0,4.5,0,0,0,0,0,0,0,0,0,0,0,0,0,0,0,post,0.12970061827288487,8
Fifth Beach HIGH 2012 7,2012,Fifth Beach HIGH 23,356,7,23,Fifth Beach HIGH,23,2.5,0,0,0,0,0,0,0,0,0,0,0,0,0,0,1.5,0,0,0,0,0,0,0,0,3,0,0,0,0,0,0,0,0,0,0,0,0,10,0,0,7,0,0,0,0,0,0,0,0,0,0,0,0,0,0,1,3,0,0,0,0,0,0,0,0,0.1,0,0,0,0,0,0,0,0,0,0,0,0,5,0,0,0,5,0,3.5,0,0,0,0,0,8,0,0,0,0,6,0,0,0,0,0,0,0,0,0,0,pre,0.18201980156297676,13
Fifth Beach HIGH 2019 9,2019,Fifth Beach HIGH 24,377,9,24,Fifth Beach HIGH,24,0.5,0,0,0,0,0,0,0.5,0,0,3,0,0,0,0,0,0,0,0,0,0,0,0,0,0,0,0,0,0,0,0,0,0,0,0,0,0,5,0,0,1,0,0,0,0,0,1,0,0,0,0,0,0,0,0,0.5,0,0.5,0,0,0,0,0,0,0,0,0,0,0,0,0,0,0,0,0,0,0,0,0,0,0,0,0,0,0,0,0,0,0,0,3,0,0,0,0,1,0,0.5,0,0,0,0,0,0,0,0,post,0.16345278422026777,11
Fifth Beach HIGH 2012 8,2012,Fifth Beach HIGH 24,377,8,24,Fifth Beach HIGH,24,0,0,0.1,0,0,0,0,0,0,0,3.5,0,0,0,0,0,0,0,0,0,0,0,0,0,0,0,0,0,0,0,0,0,0,0,0,0,0,5,0,0,6,0,0,0,0,0,0,0,0,0,0,0,0,0,0,0.5,1,0,0,0,0,0,0,0,0,0,0,0,0,0,0,0,0,0,0,0,0,0,0.5,0,0,0,0,0,0,0,0,0,0,0,1,0,0,0,0,0.5,0,0,0,0,0,0,0,0,0.5,0,pre,0.19135017379624097,10
Fifth Beach HIGH 2019 10,2019,Fifth Beach HIGH 25,369,10,25,Fifth Beach HIGH,25,0,0,0,0,0,0,0,0,0,0,1,0,0,0,0,0,0,0,0,0,0,0,0,0,0.5,0,0,0,0,0,0,0,0,0,0,0,0,2,0,0,0,0,0,0,0,0,1.5,0,0,0,0,0,0,0,0,0,0,0,0,0,0,0,0,0,0,0,0,0,0,0,0,0,0,0,0,0,0,0,0,0,0,0,2,0,1,0,0,0,0,0,1.5,0,0,0,0,3,0,0,0,0,0,0,0,0,0,0,post,0.23607093879744176,8
Fifth Beach HIGH 2012 9,2012,Fifth Beach HIGH 25,369,9,25,Fifth Beach HIGH,25,1,0,5,0,0,0,0,0,0,0,1.5,0,0,0,0,0,0,0,0,0,0,0,0,0,4,0,0,0,0,0,0,0,0,0,0,0,0,9,0,0,0,1,0,0,0,0,0,0,0,0,0,0,0,0,0,5,6,0,0,0,0,0,0,3.5,0,1.5,0,0,0,0,0,0,0,0,0,0,0,0,0,0,0,0,0,0,1.5,0,0,0,0,0,4,0,0,0,0,18,0,0,0,0,0,0,0,0,0.5,0,pre,0.23756662660661743,14
Fifth Beach HIGH 2012 10,2012,Fifth Beach HIGH 26,335,10,26,Fifth Beach HIGH,26,0.5,0,8,0,0,0,0,0,0,0,0,0,0,0,0,0,0,0,0,0,0,0,0,0,3,0,0,0,0,0,0,0,0,0,0,0,0,24,0,0,12,1,2,0,0,0,4,0,0,0,0,0,0,0,0,5,0,0,0,0,0,0,0,6,0,1,0,0,0,0,0,0,0,0,0,0,0,0,0,0,0,0,4,0,0,0,0,0,0,0,26,0,1,0,0,0,0,0.5,0,0,0,0,0,0,0.5,0,pre,0.23177841850865524,16
Fifth Beach HIGH 2019 1,2019,Fifth Beach HIGH 4,381,1,4,Fifth Beach HIGH,4,0,0,0,0,0,0,0,0,0,0,0,0,0,0,0,0,0,0,0,0,0,0,0,0,0,0,0,0,0,0,0,0,0,0,0,0,0,0.5,0,0,2,0.5,0,0,0,0,5,0,0,0,0,0,0,0,0,0.5,0,0,0,0,0,0,0,0,0,0,0,0,0,0,0,0,0,0,0,0,0,0,0.5,0,0,0,0,0,0,0,0,0,0,0,1.5,0,0,0,0,0,0,0,0,0,0,0,0,0,0,0,post,0.1594039569474663,7
Fifth Beach LOW 2012 1,2012,Fifth Beach LOW 1,166,1,1,Fifth Beach LOW,1,0,0.5,0,0,0,0,0,0,0,0,0,0,0,0,0,5,0,0,0,0,0,0,0,0,2,0.5,0,4,0,0,0,0,5,0,0,0,0,0,0,0,0,0,3,0,0,0,5,0,0,0,0,2,0,0,0,0,0.5,0,0,0,0,0,0,1,0,0,0,0.5,0,55,0,0,0,0,0,0,0,0,0,0,0,0,7,0,0,0,0,0,25,0,0,0,0,0,0,0,0,0,0,0,0,0,0,0,0,0,pre,0.25521740431792456,15
Fifth Beach LOW 2019 4,2019,Fifth Beach LOW 10,124,4,10,Fifth Beach LOW,10,0.5,0,0,0,0,0,0,0,1,0,3,0,0,0,0,0,0,0,0,0,0,0,0,0,2,0,0,5,0,1,0,0,4,0,0,0,0,13,0,0.5,0,0,1,0,0,0,6,0,0,0,0,0.5,0,0,0,4,0,0,0,8,0,0,0,18,0,0,0,0,0,6,0,0,4,0,0,0,0,0,0,0,5,0,6,2,2,0,0,0,1,0,10,0,0,0,0,0,0,0,0,0,0,0,0,2,0.5,0,post,0.33820250723151946,25
Fifth Beach LOW 2012 5,2012,Fifth Beach LOW 11,151,5,11,Fifth Beach LOW,11,0,0,6,0,0,0,0,0,0,0,3,0,0,0,0,1,0,0,0,0,0,0,0,0,0.5,0,0,4,0,0,0,0,0,0,0,0,0,0,0,0,0,0,0.5,0,0,0,0,4,0,0,0,0,0,0,0,13,8,0,0,12,0,0,0,2,0,0,0,0,0,4,0,0,8,0,0,0,0,0,0,0,0,0,15,5,0,0,0,0,8,0,0,0,0,0,0,0,0,0,0,0,0,0,0,6,0,0,pre,0.28805408940819605,17
Fifth Beach LOW 2019 5,2019,Fifth Beach LOW 12,150,5,12,Fifth Beach LOW,12,0,0,47,0,0,0,0,0,0.5,0,0.5,0,0,0,0,8,0,0,0,0,0,0,0,0,0,1,0,0,0,0,0,0,0,0,0,0,0,0,0,0,0,0,0.5,0,0,0,8,0,0,0,0,0.5,0,0,0,0,0,0,0,1,0,0,0,0,0,0,0,0,0,0,0,0,0,0,0,0,0,0,0.5,0,0,0,14,7,0,0,0,0,0,0,9,0,0,0,0,1,0,0,0,0,0,0,0,0,0.5,0,post,0.32751800110532875,15
Fifth Beach LOW 2012 6,2012,Fifth Beach LOW 13,137,6,13,Fifth Beach LOW,13,0.5,0,90,0,0,0,0,0,0,0,2,0,0,0,0,3,0,0,0,0,0,0,0,0,0,0,0,0,0,0,0,0,0,0,0,0,0,0,0,0,0,0,0,0,0,0,35,0,0,0,0,0,0,0,0,2,12,0,0,0,0,0,0,1,0,0,0,0,0,0,0,0,1,0,0,0,0,0,0,0,0,0,0,4,0,0,0,0,6,0,0,0,0,0,0,0,0,0,0,0,0,0,0,0,0,0,pre,0.2862140054818761,11
Fifth Beach LOW 2012 7,2012,Fifth Beach LOW 15,136,7,15,Fifth Beach LOW,15,0,0,95,0,5,0,0,0,6,0,1,0,0,0,0,0,0,0,0,0,0,3,0,0,0,4,6,0,0,0,0,0,0,0,0,0,0,0,0,0,0,0,0,0,0,0,5,8,0,0,0,0,0,0,0,0,0,0,0,15,0,0,0,0,0,0,0,0,0,0,0,0,0,0,0,0,0,0,0,0,0,0,10,12,0,0,0,0,5,0,0,0,0,0,0,0,0,0,0,0,0,0,0,0,0,0,pre,0.3004875634889645,13
Fifth Beach LOW 2012 8,2012,Fifth Beach LOW 16,152,8,16,Fifth Beach LOW,16,0,0,93,0,0,0,0,0,10,0,0.25,0,0,0,0,0,0,0,0,0,0,0,0,0,0,11,0,0,0,0,0,0,0,0,0,0,0,0,0,0,0,0,0,0,0,0,14,14,0,0,0,0,0,0,0,0,2,0,0,18,0,0,0,0,0,0,0,0,0,0,0,0,6,0,0,0,0,0,0,0,0,0,0,4,0,0,0,0,0,0,0,0,0,0,2,0,0,0,0,0,0,0,0,0,0,0,pre,0.3149823323471984,11
Fifth Beach LOW 2019 6,2019,Fifth Beach LOW 17,169,6,17,Fifth Beach LOW,17,0,0,2,0,0,0,0,0,4,0,0.5,0,0,0,0,6,0,0,0,0,2,0,0,0,8,4,0,1,0,1,0,0,0,0,0,0,0,0,0,0,0,0,0,0,0,0,16,0,0,0,0,0.5,0,0,0,0.5,0,0,0,5,0,0,0,5,0,0,0,0,0,0,0,0,0.5,0,0,0,0,0,2,0,0,0,32,2,0,0,0,0,0,0,32,0,0,0,0,0,0,0,0.5,0,0,0,0,0,0,0.5,post,0.2929027914088592,21
Fifth Beach LOW 2012 2,2012,Fifth Beach LOW 2,152,2,2,Fifth Beach LOW,2,0,0,0,0,0,0,0,0,4,0,1,0,0,0,0,3,0,0,0,0,0,0,0,0,0,3,0,7,0,0,0,0,2,0,0,0,0,0,0,0,0,0,0,0,0,0,3,0,0,0,0,0.5,0,0,0,1,6,0,0,0,0,0,0,0,0,0,0,0,0,25,0,0,0,0,0,0,0,0,0.5,0,17,0,3,0,0,0,0,0,40,0,0,0,0,0,0,0,0,0,0,0,0,0,0,0,0.5,0,pre,0.3010167291501586,16
Fifth Beach LOW 2019 7,2019,Fifth Beach LOW 20,204,7,20,Fifth Beach LOW,20,0,0,52,0,0,0,0,0,2,0,0,0,0,0,0,14,0,0,0,0,0,0,0,0,9,1.5,0,0,0,0,0,0,0,0,0,0,0,0,0,0,0,0,0,0,1,0,16,7,0,0,0,0,0,0,0,0.5,0,0,0,0,0,0,0,0,0,0,0,0,0,0,0,0,0,0,0,0,0,0,0,0,0,0,11,0,1,0,0,0,0,0,20,0,0,0,0,0,0,0,0,0,0,0,0,0,0.5,0,post,0.3372113498940605,13
Fifth Beach LOW 2019 8,2019,Fifth Beach LOW 21,228,8,21,Fifth Beach LOW,21,0,0,0.5,0,0,0,0,0,0.5,0,0.5,0,0,0,0,6,0,0,0,0,0,0,0,0,0.5,0,0,0,0,0,0,0,0,0,0,0,0,5,0,0,0,0,0,0,0,0,18,0,0,0,0,0,0,0,0,0,0,0,0,0,0,0,0,0,0,0,0,0,0,0,0,0,0,0,0,0,0,0,0,0,0,0,1,0,0,0,0,0,0,0,78,0,0,0,0,0,1,0,0,0,0,0,0,0,0,0,post,0.30733408777843524,10
Fifth Beach LOW 2012 9,2012,Fifth Beach LOW 22,200,9,22,Fifth Beach LOW,22,0,0,80,0,0,0,0,0,10,0,3,0,0,0,0,10,0,0,0,0,0,0,0,0,6,4,0,0,0,0,0,0,0,0,0,0,0,8,0,0,0,0,0,0,10,0,8,8,0,0,0,0,0,0,0,12,4,0,0,0,0,0,0,3,0,0,0,0,0,0,0,0,0,0,0,0,0,0,4,0,0,0,40,0,0,0,0,0,0,0,4,0,0,0,0,0,0,0,0,0,0,0,0,0,0,0,pre,0.32064322078034374,16
Fifth Beach LOW 2019 9,2019,Fifth Beach LOW 23,202,9,23,Fifth Beach LOW,23,0,0,20,0,0,0,0,0,2,0,2,0,0,0,0,10,0,0,0,0,0,0,0,0,2,0,0,0,0,0,0,0,0,0,0,0,0,0,0,0,0,0,0.5,0,0,0,35,0.5,0,0,0,0,0,0,0,0,0,0,0,0,0,0,0,3,0,0,0,0,0,0,0,0,0.5,0,0,0,0,0,0,0,0,0,5,0,0,0,0,0,0,0,40,0,0,0,0,0,0,0,0,0,0,0,0,0,0,0,post,0.26445286611542757,12
Fifth Beach LOW 2019 10,2019,Fifth Beach LOW 24,211,10,24,Fifth Beach LOW,24,0,0,30,0,0,0,0,0,4,0,3,0,0,0,0,5,0,0,0,0,0,0,0,0,4,0,0,0,0,0,0,0,1,0,0,0,0,0,0,0,0,0,0.5,0,0,0,12,6,0,0,0,0,0,0,0,2,0,0,0,0,0,0,0,7,0,0,0,0,0,0,0,0,0.5,0,0,0,0,0,0,0,0,0,4,0,3,0,0,0,0,0,25,0,0,0,0,0,0,0,0,0,0,0,0,0,0,0,post,0.2878487606976671,15
Fifth Beach LOW 2012 10,2012,Fifth Beach LOW 24,211,10,24,Fifth Beach LOW,24,0,0,83,0,0,0,0,0,4,0,1,0,0,0,0,7,0,0,0,0,0,0,0,0,3,1,0,0,0,0,0,0,0,0,0,0,0,0.5,0,0,0,0,0,0,10,0,3,20,0,0,0,0,0,0,0,11,2,0,0,3,0,0,0,1,0,0,0,0,0,0,0,0,0,0,0,0,0,0,7,0,0,0,20,0,0,0,0,0,0,0,1,0,0,0,0,0,0,0,0,0,0,0,0,0,0,0,pre,0.3399386975182638,17
Fifth Beach LOW 2012 3,2012,Fifth Beach LOW 3,137,3,3,Fifth Beach LOW,3,0,0,5,0,0,0,0,0,0,0,0,0,0,0,0,0,0,0,0,0,0,0,0,0,0,2,0,2,0,0,0,0,1,0,0,0,0,0,0,0,0,0,0,0,12,0,2,0,0,0,0,0,0,0,0,0,5,2,2,35,0,0,0,2,0,0,0,1,0,4,0,0,0,0,0,0,0,0,0,0,35,0,1,0,0,0,0,0,70,0,0,0,0,0,0,0,0,0,0,0,0,0,0,0.5,0.5,0,pre,0.3027785194723205,18
Fifth Beach LOW 2019 1,2019,Fifth Beach LOW 4,134,1,4,Fifth Beach LOW,4,0,6,0,0,0,0,0,0,0.5,0,0.5,0,0,0,0,0.5,0,0,0,0,0,1,0,0,0,0,0,1,0,0,0,0,1,0,0,0,0,0,0,0,0,0,0.5,0,0,0,2.5,0.5,0,0,0,0,0,0,0,0,0,0,0,6,0,0.5,0,0,0,0,0,0,0,10,0,0,0,0,0,0,0,0,0,0,90,0,0,0,0,0,0,0,30,0,0,0.5,0,0,0,0,0,0,0,0,0,0,0,0,0.5,0,post,0.29206309734690544,17
Fifth Beach LOW 2012 4,2012,Fifth Beach LOW 4,134,4,4,Fifth Beach LOW,4,0,0,15,0,0,0,0,0,2,0,0,0,0,0,0,0,0,0,0,0,0,0,0,0,0,0.5,0,0,0,0,0,0,0,0,0,0,0,0,0,0,0,0,0,0,1,0,0.5,0,0,0,0,0,0,0,0,0,0.5,0,0,0.5,0,0,0,0,0,0,0,0,0,6,0,0,0,0,0,0,0,0,0,0,87,0,0,0,0,0,0,0,30,0,0,0,0,0,0,0,0,0,0,0,0,0,0,0,0.5,0,pre,0.34692601614435203,11
Fifth Beach LOW 2019 2,2019,Fifth Beach LOW 5,138,2,5,Fifth Beach LOW,5,0,0,0,0,0,0,0,0,2,0,5,0,0,0.5,0,1,0,0,0,0,0.5,0,0,1,0.5,2,0,1,0,0,0,0,2,0,0,0,0,0,0,2,0,0,0.5,0,0,0,1,1,0,0,0,1,0,0.5,0,0.5,0,0,0.5,4,0,0,0,3,0,0,0,0,0,44,0,0,3,0,0,0,0,0,0,0,7,0,0,0,0.5,0,0,0,9,0,0,0,0,0,0,0,0,0,0,0,0,0,0,0,1,0,post,0.29364632593098877,26
Fifth Beach LOW 2019 3,2019,Fifth Beach LOW 6,128,3,6,Fifth Beach LOW,6,0,0,0,0,0,0,0,0,2,0,1,0,0,0,0,0,0,0,0,0,0,0,0,0,0.5,8,0,16,1,1,0,0,7,0,0,0,0,0,0,0,0,0,0,0,0,0,4,0,0,0,0,0,0,0,0,1,3,0,0,39,0,0,0,3,0,0,0,0,0,5,0,0,3,0,0,0,0,0,0,0,56,0,0,5,0,0,0,0,14,0,1,0,0,0,0,0,0,0,0,0,0,0,0,0,0,0.5,post,0.3266909653249092,20
Fifth Beach MID 2019 5,2019,Fifth Beach MID 10,209,5,10,Fifth Beach MID,10,1,0,5,0,0,0,0,0,1,0,0,0,0,0,0,2,0,0,0.5,0,0,0,0,0,1,0,0,0,0,0,0,0,0,0,0,0,0,2,0,0,0.5,0,40,0,0,0,0,0,0,0,0,0,0,0,0,0,0,0,0,0,0,0,0,8,0,0,0,0,0,0,0,0,0,0,0,0,0,0,0,0,0,0,4,0,0.5,0,0,0,0,0,15,0,0,0,0,0,0,0,0,0,0,0,0,0,2.5,0,post,0.29947831682421394,14
Fifth Beach MID 2012 5,2012,Fifth Beach MID 10,209,5,10,Fifth Beach MID,10,0.5,0,25,1,0,0,0,0,0,0,2,0,0,0,0,18,0,0,0,0,0,0,0,0,15,0,0,2,0,0,0,0,0,0,0,0,0,8,0,0,8,0,18,0,0,0,40,0,0,0,0,6,0,0,0,0,6,0,0,0,0,0,0,0,0,0,0,0,0,0,0,0,0,0,0,0,0,0,0,0,0,0,8,0,0,0,0,0,0,0,0,0,0,0,0,0,0,0,0,0,0,0,0,0,1,0,pre,0.19113499440916912,15
Fifth Beach MID 2012 6,2012,Fifth Beach MID 12,234,6,12,Fifth Beach MID,12,0,0,5,0,0,0,0,0,0,0,1,0,0,0,0,10,0,0,0,0,0,0,0,0,0,0,0,0,0,0,0,0,0,0,0,0,0,30,0,0,45,0.5,2,0,0,0,10,0,0,0,0,0,0,0,0,13,4,0,0,0,0,0,0,0,0,0,0,0,0,0,0,0,0,0,0,0,0,0,0,0,0,0,0,0,0,0,0,0,0,0,2,0,0,0,0,0,0,0,0,0,0,0,0,0,2,0,pre,0.20314490097671278,12
Fifth Beach MID 2012 7,2012,Fifth Beach MID 14,224,7,14,Fifth Beach MID,14,0,0,28,0,0,0,0,0,2,0,0.5,0,0,0,0,22,0,0,0,0,0,0,0,0,12,0,0,0,0,0,0,0,1,0,0,0,0.5,5,0,0,30,0,9,0,0,0,50,0,0,0,0,0,0,0,0,6,16,0,0,0,0,0,0,1,0,0,0,0.5,0,0,0.5,0,0,0,0,0,0,0,2,0,0,0,5,0.5,0,0,0,0,0,0,3,0,0,0,0,0,0,0,0,0,0,0,0,0,1.5,0,pre,0.2878604268632341,21
Fifth Beach MID 2019 6,2019,Fifth Beach MID 15,170,6,15,Fifth Beach MID,15,0,0,0,0,0,0,0,0,0,0,0.5,0,0,0,0,4,0,0,0,0,0,0,0,0,2,0,0,0,0,0,0,0,0,0,0,0,0,2,0,0,7,0,2,0,0,0,40,0,0,0,0,0,0,0,0,3,0,0,0.5,0,0,0,0,0,0,0,0,0,0,0,0,0,0,0,0,0,0.5,0,3,0,0,0,0,0,0,0,0,0,0,0,45,0,0,0,0,0,0,0,0,0,0,0,0,0,0,0,post,0.26906142432608066,12
Fifth Beach MID 2019 7,2019,Fifth Beach MID 16,222,7,16,Fifth Beach MID,16,18,0,18,0,0,0,0,0,2,0,2,0,0,4,0,16,0,0,1,0,0,0,0,0.5,4,0,0,0,0,0,0,0,0,0,0,0,0,0,0,0,0,0,3,0,0,0,13.5,0,0,0,0,1,0,0,0,0.5,0,0,0,0,0,0,0,4,0,0,0,0,0,0,0,0,2,0,0,0,2,0,0,0,0,0,0,0,7,0,0,0,0,0,39,0,0,0,0,2,0,0,0,0,0,0,0,0,4,0,post,0.3134446073792709,20
Fifth Beach MID 2019 8,2019,Fifth Beach MID 17,210,8,17,Fifth Beach MID,17,2,0,3,0,0,0,0,0,2,0,0,0,0,0,0,12,0,0,0,0,0,0,0,0,8,3,0,0.5,0,0,0,0,0,0,0,0,0,0,0,0,0,0,0.5,0,0,0,0,0,0,0,0,0,0,0,0,0.5,0,0,0,0,0,0,0,3,0,0,0,0,0,0,0,0,0,0,0,0,0,0,0,0,0,0,3,0,1,0,0,0,0,0,57,0,0,0,0,1,0,0.5,0,0,0,0,0,0,1,0,post,0.2988971506701272,16
Fifth Beach MID 2019 9,2019,Fifth Beach MID 19,231,9,19,Fifth Beach MID,19,1,0,1,0,0,0,0,0,7,0,0,0,0,0,0,2,0,0,0,0,0,0,0,0,17,8,0,0,0,1,0,0,4,0,0,0,0,0,0,0,0,0,0.5,0,0,0,3,0,0,0,0,0.5,0,0,0,0,0,0,0,0,0,0,0,1,0,0,0,0,0,0,0,0,0,0,0,0,0,0,0,0.5,0,0,1,0,0,0,0,0,0,0,20,0,0,0,0,0,0,0,0,0,0,0,0,0,4,0,post,0.25156481813660453,16
Fifth Beach MID 2012 1,2012,Fifth Beach MID 2,236,1,2,Fifth Beach MID,2,18,0,0,0,0,0,0,0,0,0,1,0,0,0,0,9,0,0,0,0,0,0,0,0,1,0,0,2.5,0,0,0,0,0,0,0,0,0,40,0,0,8,0,3,0,0,0,19,0,0,0,0,0,0,0,0,0,6,0,0,0,0,0,0,0.5,0,0,0,0,0,2,0,0,0,0,0,0,0,0,2,0,0,0,6,0,0,0,0,0,0,0,5,0,0,0,0,0,0,0,0,0,0,0,0,0,0,0,pre,0.2251808566609138,15
Fifth Beach MID 2019 10,2019,Fifth Beach MID 21,226,10,21,Fifth Beach MID,21,0,0,0,0,0,0,0,0,8.5,0,1,0,0,0,0,0,0,0,0,0,0,0,0,0,4,6,0,0,0,0,0,0,0,0,0,0,0,0,0,0,0,0,0,0,0,0,0,0,0,0,0,0,0,0.5,0,0,8,0,0,0,0,0.5,0,1,0,0,0,0,0,0,0,0,0,0,0,0,0,0,0,0,88,0,0,0,1,1,0,0,0,0,12,0,0,0,0,0,0,0,0,0,0,0,0,0,0,0,post,0.33162683811409127,12
Fifth Beach MID 2012 8,2012,Fifth Beach MID 23,242,8,23,Fifth Beach MID,23,0.25,0,0,0,0,0,0,0,0,0,4,0,0,0,0,6,0,0,0,0,0,0,0,0,0.25,0,0,0,0,0,0,0,0,0,0,0,0,25,0,0,9,0,0,0,0,0,10,0,0,0,0,0,0,0,0,0,5,0,0,0,0,0,0,0,0,0.1,0,0,0,0,0,0,0,0,0,0,0,0,36,0,0,0,3,0,0,0,0,0,0,0,19,0,0,0,0,0,0,0,0,0,0,0,0,0,0,0,pre,0.20797872923743474,12
Fifth Beach MID 2012 9,2012,Fifth Beach MID 26,259,9,26,Fifth Beach MID,26,3.5,0,0,0,0,0,0,0,0,0,2,0,0,0,0,2,0,0,0,0,0,0,0,0,0.5,0,0,0,0,0,0,0,0,0,0,0,0,58,0,0,0,0,0,0,0,0,5,0,0,0,0,0,0,0,0,0,0,0,0,0,0,0,0,0,0,0.5,0,0,0,0,0,0,0,0,0,0,0,0,20,0,0,0,10,0,0,0,0,0,0,0,10,0,0,0,0,0,0,0,0,0,0,0,0,0,0,0,pre,0.22816810867192133,10
Fifth Beach MID 2012 10,2012,Fifth Beach MID 28,NA,10,28,Fifth Beach MID,28,11,0,0,0,0,0,0,0,1.5,0,3,0,0,0,0,1,0,0,0,0,0,0,0,0,3.5,0,0,0,0,0,0,0,0,0,0,0,0,46,0,0,4,0,0,0,0,0,5,0,0,0,0,0,0,0,0,0,0,0,0,0,0,0,0,5,0,0.25,0,0,0,0,0,0,0,0,0,0,0,0,0,0,0,0,27,0,0,0,0,0,0,0,0,0,0,0,0,0,0,0,0,0,0,0,0,0,0,0,pre,0.2743950729172619,11
Fifth Beach MID 2019 1,2019,Fifth Beach MID 3,198,1,3,Fifth Beach MID,3,0.5,0,0,0,0,0,0,0,0,0,0,0,0,0,0,5,0,0,0,0,0,0,0,0,0,0,0,32,0,0,0,0,13,0.5,0,0,0,3,0,0.5,0,0,2,0,0,0,0.5,0,0,0,0,0.5,0,0,0,0.5,0,0,0,0,0,0,0,0,0,0,0,0,0,10,0,0,0,0,0,0,0,0,0,0,0,0,0,0,2.5,0,0,0,0,0,8,0,0,0,0,1,0,0,0,0,0,0,0,0,2,0.5,post,0.3040395032515988,17
Fifth Beach MID 2012 2,2012,Fifth Beach MID 4,221,2,4,Fifth Beach MID,4,3,0,0,0,0,0,0,0,1.5,0,0,0,0,0,0,4,0,0,2,0,0,0,0,0,20,0,0,0,0,0,0,0,0,0,0,0,0,8,0,0,26,0,15,0,0,0,20,0,0,0,0,0,0,0,0,0,3,0,0,0,0,0,0,0,0,0,0,2,0,0,0,0,0,0,0,0,0,0,1,0,5,0,0,0,0,0,0,0,0,0,0,0,0,0,0,0,0,0,0,0,0,0,0,0,1,0,pre,0.3007286163345476,14
Fifth Beach MID 2019 2,2019,Fifth Beach MID 6,203,2,6,Fifth Beach MID,6,1.5,0,15,0,0,0,0,0,1,0,0,0,0,0,0,0.5,0,0,0,0,0,0,0,0,0,0,0,12,0,0,0,0,0,0,0,0,0,0,0,0,3,0,2,0,0,0,0,0,0,0.5,0,0,0,1,0,0.5,1,0,0,0,0,0,0,0,0,0,0,0,0,24,0,0,0,0,0,0,0,0,0,0,8,0,0,0,1.5,0,0,0,0,0,21,0,0,0,0,1,0,0,0,0,0,0,0,0,3,0,post,0.3736529142699775,17
Fifth Beach MID 2019 3,2019,Fifth Beach MID 8,209,3,8,Fifth Beach MID,8,1,0,0,0,0,0,0,0,0,0,0,0,0,0,0,1,0,0,0.5,0,0,0,0,0,3,0,0,0,0,0,0,0,0,0.5,0,0,0,2,0,0,19,0,5,0,0,0,9,0,0,0,0,0,0,0,0,4,0,0,0.5,0,0,0,0,0.5,0,0,0,0,0,0,0,0,0,0,0,0,1,0,0,0,0,0,1,0,0.5,0,0,0,0,0,58,0,0,0,0,0.5,0,0,0,0,0,0,0,0,5,0,post,0.2707452768335234,18
Fifth Beach MID 2012 3,2012,Fifth Beach MID 8,209,3,8,Fifth Beach MID,8,0,0,13,0,0,0,0,0,0,0,2,0,0,0,0,4,0,0,0,0,0,0,0,0,5,0,0,0,0,0,0,0,0,0,0,0,0,6,0,0,70,0,4,0,0,0,70,0,0,0,0,0,0,0,0,8,8,0,0,0,0,0,0,0,0,0,0,0,0,0,0,0,0,0,0,0,0,0,0,0,0,0,0,0,0,0,0,0,0,0,5,0,0,0,0,0,0,0,0,0,0,0,0,0,0,0,pre,0.21638690500258986,11
Fifth Beach MID 2019 4,2019,Fifth Beach MID 9,203,4,9,Fifth Beach MID,9,3,0,0,0,0,0,0,0,14,0.5,0,0,0,2,0,0.5,0,0,0,0,0,0,0,0,5.5,3,0,0.5,0,0,0,2,0,0,0,0,0,5,0,0,0,0,2,0,0,0,8,0,0,0,0,0,0,0,0.5,0,0,0,0,3,0,0,0,0,0,0,0,0.5,0,0,0,2,0,0,0,0,0,0,0,0,20,0,0,0,5,2,0,0,0,0,45,0,0,0,0,0,0,0,0,0,0,0,0,0,1,0,post,0.3497381706397119,21
Fifth Beach MID 2012 4,2012,Fifth Beach MID 9,203,4,9,Fifth Beach MID,9,0,0,35,0,0,0,0,0,0,0,0,0,0,0,0,6,0,0,0,0,0,0,0,0,0,0,0,2,0,0,0,0,0,0,0,0,0,12,0,0,50,0,2,0,0,0,45,0,0,0,0,0,0,0,0,8,12,0,0,0,0,0,0,0,0,0,0,0,0,0,0,0,0,0,0,0,0,0,0,0,0,0,0,0,0,0,0,0,0,0,3,0,0,0,0,0,0,0,0,0,0,0,0,0,1,0,pre,0.17197379274291633,11
Foggy Cove HIGH 2012 1,2012,Foggy Cove HIGH 1,239,1,1,Foggy Cove HIGH,1,0,0,0,0,0,0,0,0,0,0,0,0,0,0,0,2,0,0,0,0,0,0,0,0,0,0,0,0,0,0,0,0,0,0,0,0,3,15,0,0,12,3,0,0,0,0,2,0,0,0,0,0,0,0,0,7,0,0,0,0,0,0,0,0,0,0,0,0,0,0,0,0,0,0,0,0,0,0,3,0,0,0,0,0,0,0,0,0,0,0,0,0,0,0,0,0,0,0,0,0,0,0,0,0,0,0,pre,0.13229272802486103,8
Foggy Cove HIGH 2019 3,2019,Foggy Cove HIGH 11,234,3,11,Foggy Cove HIGH,11,0,0,0,0,0,0,0,0,0,0,0,0,0,0,0,0,0,0,0,0,0,0,0,0,0,0,0,0,0,0,0,0,0,0,0,0,0,10,0,0,38,0.5,0,0,0,0,4,0,0,0,0,0,0,0,0,1,0,0,0,0,0,0,0,0,0,0,0,0,0,0,0,0,0,0,0,0,0,0,1,0,0,0,0,0,0,0,0,0,0,0,5,0,0,0,0,0,0,0,0,0,0,0,0,0,0,0,post,0.1594039569474663,7
Foggy Cove HIGH 2012 3,2012,Foggy Cove HIGH 11,234,3,11,Foggy Cove HIGH,11,0,0,0,0,0,0,0,0,0,0,0,0,0,0,0,0,0,0,0,0,0,0,0,0,0,0,0,0,0,0,0,0,0,0,0,0,2,18,0,0,10,2,0,0,0,0,2,0,0,0,0,0,0,0,0,4,0,0,0,0,0,0,0,0,0,0,0,0,0,0,0,0,0,0,0,0,0,0,1,0,0,0,0,0,0,0,0,0,0,0,0,0,0,0,0,0,0,0,0,0,0,0,0,0,0,0,pre,0.11729428770526429,7
Foggy Cove HIGH 2012 4,2012,Foggy Cove HIGH 13,248,4,13,Foggy Cove HIGH,13,0,0,0,0,0,0,0,0,0,0,0,0,0,0,0,0,0,0,0,0,0,0,0,0,0,0,0,0,0,0,0,0,0,0,0,0,2,18,0,0,40,0,0,0,0,0,0,0,0,0,0,0,0,0,0,4,0,0,0,0,0,0,0,0,0,0,0,0,0,0,0,0,0,0,0,0,0,0,0.5,0,0,0,0,0,0,0,0,0,0,0,0.5,0,0,0,0,0,0,0,0,0,0,0,0,0,0,0,pre,0.05045672514444073,6
Foggy Cove HIGH 2019 4,2019,Foggy Cove HIGH 14,242,4,14,Foggy Cove HIGH,14,0,0,0,0,0,0,0,0,0,0,0,0,0,0,0,0,0,0,0,0,0,0,0,0,0,0,0,0,0,0,0,0,0,0,0,0,0,4,0,0,7,0.5,0,0,0,0,0.5,0,0,0,0,0,0,0,0,1,0,0,0,0,0,0,0,0,0,0,0,0,0,0,0,0,0,0,0,0,0,0,0,0,0,0,0,0,0,0,0,0,0,0,0,0,0,0,0,0,0,0,0,0,0,0,0,0,0,0,post,0.14025358357993653,5
Foggy Cove HIGH 2019 5,2019,Foggy Cove HIGH 16,260,5,16,Foggy Cove HIGH,16,0,0,0,0,0,0,0,0,0,0,0,0,0,0,0,0,0,0,0,0,0,0,0,0,0,0,0,0,0,0,0,0,0,0,0,0,0,4,0,0,6,0,0,0,0,0,6,0,0,0,0,0,0,0,0,0,0,0,0,0,0,0,0,0,0,0,0,0,0,0,0,0,0,0,0,0,0,0,0.5,0,0,0,0,0,0,0,0,0,0,0,0,0,0,0,0,0,0,0,0,0,0,0,0,0,0,0,post,0.16215464445076103,4
Foggy Cove HIGH 2019 6,2019,Foggy Cove HIGH 17,234,6,17,Foggy Cove HIGH,17,0,0,0,0,0,0,0,0,0,0,0,0,0,0,0,1,0,0,0,0,0,0,0,0,0,0,0,0,0,0,0,0,0,0,0,0,0,1,0,0,6,1,0,0,0,0,0,0,0,0,0,0,0,0,0,1,0,0,0,0,0,0,0,0,0,0,0,0,0,0,0,0,0,0,0,0,0,0,4,0,0,0,0,0,0,0,0,0,0,0,0,0,0,0,0,0,0,0,0,0,0,0,0,0,0,0,post,0.21097610379921491,6
Foggy Cove HIGH 2019 7,2019,Foggy Cove HIGH 22,218,7,22,Foggy Cove HIGH,22,0,0,0,0,0,0,0,0,0,0,0,0,0,0,0,0.5,0,0,0,0,0,0,0,0,0,0,0,0,0,0,0,0,0,0,0,0,0,7,0,0,1,0.5,0,0,0,0,0,0,0,0,0,0,0,0,0,4,0,0,0,0,0,0,0,0,0,0,0,0,0,0,0,0,0,0,0,0,0,0,0,0,0,0,0,0,0,0,0,0,0,0,1,0,0,0,0,0,0,0,0,0,0,0,0,0,0,0,post,0.1898878314746311,6
Foggy Cove HIGH 2012 5,2012,Foggy Cove HIGH 22,218,5,22,Foggy Cove HIGH,22,0,0,0,0,0,0,0,0,0,0,0,0,0,0,0,1,0,0,0,0,0,0,0,0,0,0,0,0,0,0,0,0,0,0,0,0,4,8,0,0,6,2,0,0,0,0,1,0,0,0,0,0,0,0,0,4,0,0,0,0,0,0,0,0,0,0,0,0,0,0,0,0,0,0,0,0,0,0,4,0,0,0,0,0,0,0,0,0,0,0,0,0,0,0,0,0,0,0,0,0,0,0,0,0,0,0,pre,0.13229272802486103,8
Foggy Cove HIGH 2019 8,2019,Foggy Cove HIGH 25,197,8,25,Foggy Cove HIGH,25,0,0,0,0,0,0,0,0,0,0,0,0,0,0,0,0,0,0,0,0,0,0,0,0,0,0,0,0,0,0,0,0,0,0,0,0,0,7,0,0,0.5,1.5,0,0,0,0,0,0,0,0,0,0,0,0,0,0,0,0,0,0,0,0,0,0,0,0,0,0,0,0,0,0,0,0,0,0,0,0,0,0,0,0,0,0,0,0,0,0,0,0,1,0,0,0,0,0,0,0,0,0,0,0,0,0,0,0,post,0.1260656002088502,4
Foggy Cove HIGH 2019 9,2019,Foggy Cove HIGH 26,200,9,26,Foggy Cove HIGH,26,0,0,0,0,0,0,0,0,0,0,0,0,0,0,0,0,0,0,0,0,0,0,0,0,0,0,0,0,0,0,0,0,0,0,0,0,0,8,0,0,16,0,0,0,0,0,3,0,0,0,0,0,0,0,0,1,0,0,0,0,0,0,0,0,0,0,0,0,0,0,0,0,0,0,0,0,0,0,0,0,0,0,0,0,0,0,0,0,0,0,0,0,0,0,0,0,0,0,0,0,0,0,0,0,0,0,post,0.11602458746428572,4
Foggy Cove HIGH 2012 6,2012,Foggy Cove HIGH 26,200,6,26,Foggy Cove HIGH,26,0,0,0,0,0,0,0,0,0,0,0,0,0,0,0,2,0,0,0,0,0,0,0,0,0,2,0,0,0,0,0,0,0,0,0,0,0,7,0,0,5,1,0,0,0,0,0.5,0,0,0,0,0.5,0,0,0,2,0,0,0,0,0,0,0,0,0,0,0,0,0,0,4,0,0,0,0,0,0,0,0.5,0,0,0,0,0,0,0,0,0,0,0,0,3,0,0,0,0,0,0,0,0,0.5,0,0,0,0,0,pre,0.2406496928744068,12
Foggy Cove HIGH 2012 7,2012,Foggy Cove HIGH 29,320,7,29,Foggy Cove HIGH,29,0,0,0,0,0,0,0,0,0,0,0,0,0,0,0,0,0,0,0,0,0,0,0,0,0,0,0,0,0,0,0,0,0,0,0,0,0,2,0,0,4,1,0,0,0,0,2,0,0,0,0,0,0,0,0,0,0,0,0,0,0,0,0,0,0,0,0,0,0,0,0,0,0,0,0,0,0,0,0,0,0,0,0,0,0,0,0,0,0,0,18,0,0,0,0,0,0,0,0,0,0,0,0,0,0,0,pre,0.13360549641431388,5
Foggy Cove HIGH 2019 1,2019,Foggy Cove HIGH 3,257,1,3,Foggy Cove HIGH,3,0,0,0,0,0,0,0,0,0,0,0,0,0,0,0,0,0,0,0,0,0,0,0,0,0,0,0,0,0,0,0,0,0,0,0,0,0,3,0,0,14,3,0,0,0,0,0,0,0,0,0,0,0,0,0,0,0,0,0,0,0,0,0,0,0,0,0,0,0,0,0,0,0,0,0,0,0,0,0,0,0,0,0,0,0,0,0,0,0,0,0,0,0,0,0,0,0,0,0,0,0,0,0,0,0,0,post,0.0760882213581489,3
Foggy Cove HIGH 2012 8,2012,Foggy Cove HIGH 30,320,8,30,Foggy Cove HIGH,30,0,0,0,0,0,0,0,0,0,0,0,0,0,0,0,0,0,0,0.5,0,0,0,0,0,0,0,0,0,0,0,0,0,0,0,0,0,0,1,0,0,2,3,0,0,0,0,2,0,0,0,0,0,0,0,0,2,0,0,0,0,0,0,0,0,0,0,0,0,0,0,4,0,0,0,0,0,0,0,0,0,0,0,0,0,0,0,0,0,0,0,20,3,0,0,0,0,0,0,1,0,0,0,0,0,0,0,pre,0.1302469781549824,10
Foggy Cove HIGH 2012 9,2012,Foggy Cove HIGH 32,264,9,32,Foggy Cove HIGH,32,0,0,0,0,0,0,0,0,0,0,0,0,0,0,0,0,0,0,0,0,0,0,0,0,0,0,0,0,0,0,0,0,0,0,0,0,0,0.5,0,0,0,4,0,0,0,0,6,0,0,0,0,0,0,0,0,0,0,0,0,0,0,0,0,0,0,0,0,0,0,0,0,0,0,0,0,0,0,0,0,0,0,0,0,0,0,0,0,0,0,0,0,0,0,0,0,0,0,0,0,0,0,0,0,0,0,0,pre,0.18443172622493734,3
Foggy Cove HIGH 2019 10,2019,Foggy Cove HIGH 35,279,10,35,Foggy Cove HIGH,35,0,0,0,0,0,0,0,0,0,0,0,0,0,0,0,0,0,0,0,0,0,0,0,0,0,0,0,0,0,0,0,0,0,0,0,0,0,3,0,0,16,5,0,0,0,0,0,0,0,0,0,0,0,0,0,1,0,0,0,0,0,0,0,0,0,0,0,0,0,0,0,0,0,0,0,0,0,0,0,0,0,0,0,0,0,0,0,0,0,0,1,0,0,0,0,0,0,0,0,0,0,0,0,0,0,0,post,0.13377782899836763,5
Foggy Cove HIGH 2012 10,2012,Foggy Cove HIGH 39,293,10,39,Foggy Cove HIGH,39,0,0,0,0,0,0,0,0,0,0,0,0,0,0,0,0,0,0,0,0,0,0,0,0,0,0,0,0,0,0,0,0,0,0,0,0,0,0,0,0,3,5,0,0,0,0,0,0,0,0,0,0,0,0,0,0,0,0,0,0,0,0,0,0,0,0,0,0,0,0,0,0,0,0,0,0,0,0,3,0,0,0,0,0,0,0,0,0,0,0,0,0,0,0,0,0,0,0,0,0,0,0,0,0,0,0,pre,0.11243859241983262,3
Foggy Cove HIGH 2012 2,2012,Foggy Cove HIGH 4,240,2,4,Foggy Cove HIGH,4,0,0,0,0,0,0,0,0,0,0,0,0,0,0,0,8,0,0,0,0,0,0,0,0,0,0,0,0,0,0,0,0,0,0,0,0,7,30,0,0,50,0,0,0,0,0,25,0,0,0,0,0,0,0,0,15,0,0,0,0,0,0,0,0,0,0,0,0,0,0,0,0,0,0,0,0,0,0,5,0,0,0,0,0,0,0,0,0,0,0,1,0,0,0,0,0,0,0,0,0,0,0,0,0,0,0,pre,0.10071286364402399,8
Foggy Cove HIGH 2019 2,2019,Foggy Cove HIGH 8,238,2,8,Foggy Cove HIGH,8,0,8,0,0,0,0,0,0,0,0,0,0,0,0,0,0,0,0,0,0,0,0,0,0,0,1,0,0,0,0,0,0,0,0,0,0,0,8,0,0,10,2,0.5,0,0,0,3,0,0,0,0,0,0,0,0,0,0,0,0,0,0,0,0,0,0,0,0,0,0,1,0,0,0,0,0,0,0,0,0,0,0.5,0,0,0,0,0,0,0,0,0,0.5,0,0,0,0,0,0,0,0,0,0,0,0,0,0,0,post,0.3769843548038744,10
Foggy Cove LOW 2019 4,2019,Foggy Cove LOW 10,66,4,10,Foggy Cove LOW,10,12,0,41,0,0,0,0,0,0,0,0,0,0,0,0,2,0,0,0,0,0.5,0,0,0,1,0,0,9,0,0,0,0,0,0,0,0,0,0,0,0,12,0,3,0,0,0,1,0,0,0,0,0.5,0,0,6,1,1,0,0,0,0,0,0,0,0,0,3,0,0,2,0,0,0,0,0,0,0,0,1,0,0.5,0,0,0,0,0,0,0,0,0,16,0,0,0,0,0,0,0,0,0,0,0,0,0,0,0,post,0.3515625283945461,18
Foggy Cove LOW 2012 4,2012,Foggy Cove LOW 14,75,4,14,Foggy Cove LOW,14,0,0,35,0,0,0,0,0,0,0,0,0,0,1,0,0,0,0,0,0,8,0,0,0,4,20,0,0.5,0.5,0,0,0,0,0,0,0,0,0,0,0,10,0,0.5,10,0,0,2,0,0,0,0,0,0,0,0,0,0,0,0,3,0,0,0,0,0,0,0.5,0,0,10,0,0,0.5,0,0,2,15,0,0,0,0,0,0.5,12,0,6,0,0,4,0,0,0,0,0,0,0,0,0,0,0,0,0,0,0,2,2,pre,0.32180934607855494,23
Foggy Cove LOW 2019 5,2019,Foggy Cove LOW 16,75,5,16,Foggy Cove LOW,16,15,0,68,0,0,0,0,0,16,0,0,0,0,0,0,4,0,0,0,0,0,0,0,0,3,0,0,7,0,1,0,0,0,0,0,52,0,0,0,0,9,0,16,0,0,0,0,0,0,0,0,2,0,0,0,6,7,0,0,3,0,0,0,0,0,0,0,0,0,0,0,0,2,0,0,0,1,0.5,0,0,0,0,0,5,2,0,0,0,0,0,1,1,0,0,0,0,1,0,0,0,0,0,0,0,5,0,post,0.3830065110294444,23
Foggy Cove LOW 2012 5,2012,Foggy Cove LOW 16,75,5,16,Foggy Cove LOW,16,0,0,0,0,0,0,0,0,4,0,0,0,0,0.5,0,0,0,0,0,0,13,0,0,0,10,10,0,0,0,0,0,0,0,0,0,0,0,0,0,0,0.5,0,0.5,0,0,0,5,0,0,0,5,0,0,0,0.5,1.5,0.5,0,0,13,0,0,0,0,0,0,3,0,0,5,0,0,0,0,0,0,1,1,0,0,0,0,0,25,0,0,0,0,1,0,1,0,0,0,0,0,0,0,0,0,0,0,0,0,1,5,pre,0.3778751263103885,22
Foggy Cove LOW 2019 6,2019,Foggy Cove LOW 18,104,6,18,Foggy Cove LOW,18,6,0,69,0,0,0,0,0,0,0,0,0,0,0,0,1,0,0,0,0,0,0,0,0,12,0,0,0.5,0,0,0,0,0,0,0,0,0,0,0,0,18,0,8,0,0,0,0.5,0,0,0,0,0.5,0,0,0,4,1,0,0,0,0,0,0,0,0,0,0,0,0,0,0,0,0,0,0,0,1,0,0.5,0,0.5,0,0,1,0,0,0,0,0,0,12,0,0,0,0,0,0,0,0,0,0,0,0,0,1,0,post,0.3238796070499979,17
Foggy Cove LOW 2019 7,2019,Foggy Cove LOW 19,101,7,19,Foggy Cove LOW,19,24,0,100,0,0,0,0,0,1,0,0,0,0,0,0,0.5,0,0,0,0,0,0,0,0,0,0,0,2,0,0,0,0,0,0,0,0,0,0,0,0,8,0,4,0,0,0,2,0,0,0,0,0,0,0,0,4,0,0,0,1,0,0,0,0,0,0,2,0,0,0,0,0,0,0,0,0,5,0,1,0,0,0,0,3,0,0,0,0,0,0,1.5,0,0,0,0,0,0,0,0.5,0,0,0,0,0,2,0,post,0.35951959545473405,17
Foggy Cove LOW 2019 1,2019,Foggy Cove LOW 2,90,1,2,Foggy Cove LOW,2,10,0,1,0,0,0,0,0,0,0,0,0,0,6,0,8,0,0,0,0,0,0,0,0.5,1,0,0,2,0,0,0,0,0,0,0,0.5,0,0,0,0,5,0,7,0,0,0.5,4,0,0,0,0,1,0,0,0,0,0,0,0,1,0,0,0,0,0,0,7,0,0,2,0,0,0,0,0,0,0.5,0,2,0,32,0,0,0,0,0,0,0,0,0,1,0,0,0,0,0,1,0,0.5,0,0,0,0,0,4,0,post,0.3632879547474739,23
Foggy Cove LOW 2012 1,2012,Foggy Cove LOW 2,90,1,2,Foggy Cove LOW,2,0,0,0,0,0,0,0,0,0,0,0,0,0,0,0,0,0,0,0,0,0,0,0,0,1.5,20,0,5,0,0,0,0,2,0,0,0,0,0,0,0,18,0,4,0,0,0,1,0,0,0,0,0,0,0,0,4,5,0,0,1,0,0,0,2,0,0,4,0,0,40,0,0,0,0,0,0,0,0,2,0,35,0,0,2,0,0,0,0,8,0,0,0,0,0,0,0,0,0,0,0,0,0,0,0,0,1,pre,0.3483298874296425,18
Foggy Cove LOW 2012 6,2012,Foggy Cove LOW 23,117,6,23,Foggy Cove LOW,23,0,0,25,0,0,1,0,0,4,0,0,0,0,0,0,0,0,0,0,0,0,0,0,0,23,0,0,0,0,0,0,0,0,0,0,6,0,3,0,0,4,0,0,0,0,0,3,0,0,0,0,0,0,0,0,8,5,0,0,0,0,0,0,0,0,0,0,0,0,8,0,0,0,0,0,0,5,0,0,0,0,0,0,6,0,0.5,0,0,7,0,0,0,0,0,0,0,0,0,0,0,0,0,0,0,4,0,pre,0.39153309251792817,16
Foggy Cove LOW 2012 7,2012,Foggy Cove LOW 24,124,7,24,Foggy Cove LOW,24,0.5,0,4,0,0,2,0,0,0,0,0,0,4,4,0,8,0,0,0,0,6,0,0,0,10,0,0,7,0,0,0,0,0,0,0,0,0,0,0,0,70,0,2,0,0,0,0.5,4,0,0,0,0,0,0,0,11,5,0,0,0,0,0,0,0,0,0,2,0,0,4,0,0,1,0,0,0,5,0,0,0,0,0,12,8,0,0,0,0,7,0,0,0,0,0,0,0,0,0,0,0,0,0,0,0,0.5,0,pre,0.30716934658720846,23
Foggy Cove LOW 2019 8,2019,Foggy Cove LOW 26,102,8,26,Foggy Cove LOW,26,27,0,57,0,0,0,0,0,0,0,0,0,0,0,0,2,0,0,0,0,0,0,0,0,0.5,0,0,5,0,0,0,0,0,0,0,0,0,0,0,0,19,0,6,0,0,0,0,0,0,0,0,0,0,0,0,3,4,0,0,4,0,0,0,0,0,0,0,0,0,0,0,0,0,0,0,0,0,0,4,0,0,0,0,0,0,0,0,0,0,0,15.5,0,0,0,0,0,0,0,0,0,0,0,0,0,0,0,post,0.3388383807833848,12
Foggy Cove LOW 2012 8,2012,Foggy Cove LOW 27,131,8,27,Foggy Cove LOW,27,0,0,6,0,0,0,0,0,0,0,0,0,6,6,0,2,0,0,0,0,12,0,0,0,7,0,0,8,0,0,0,0,0,0,0,0,0,0,0,0,30,0,0,0,0,0,0,3,0,0,0,0,0,0,0,3,0,0,0,0,0,0,0,0,0,0,0,0,0,5,0,0,0.5,0,0,0,4,0,0,0,0,0,25,10,0,0,0,0,7,0,2,0,0,0,0,0,0,0,0,0,0,0,0,0.5,8,0,pre,0.3398846036556975,19
Foggy Cove LOW 2019 9,2019,Foggy Cove LOW 29,90,9,29,Foggy Cove LOW,29,6,0,83,0,0,0,0,0,0.5,0,0,0,0,0,0,3,0,0,0,0,0,0,0,0,1,0,0,12,0,0,0,0,0,0,0,0.5,0,0,0,0,29,0,6,0,0,0,0,0,0,0,0,0,0,0,0,1.5,1,0,0,0,0,0,0,0,0,0,1,0,0,2,0,0,0,0,0,0,3,0,0.5,0,0,0,0,0.5,0,0,0,0,0.5,0,12,0,0,0,0,0,0,0,0,0,0,0,0,0,2,0,post,0.3799932028521915,19
Foggy Cove LOW 2012 9,2012,Foggy Cove LOW 30,105,9,30,Foggy Cove LOW,30,2,0,75,0.5,0,0,0,0,5,0,0,0,0,0,0,0,0,0,0,0,3,0,0,0,7,14,0,0.5,0,0,0.5,0,0,0,0,4,0,0,0,0,3,0,0.5,0.5,0,0,5,0,0,0,0,0.5,0,0,0,2,2,0,0,0,0,0,0,0,0,0,0,0,0,0.5,0,0,0,0,0,0,15,0.5,0,0,0.5,0,3,3,0,0,0,0,1,0,0,0,0,3,0,0,0,0,0,0,0,0,0,0,5,5,pre,0.3441827310072013,27
Foggy Cove LOW 2019 10,2019,Foggy Cove LOW 32,126,10,32,Foggy Cove LOW,32,0.5,0,30,0,0,0,0,0,6,0,0,0,0,1,0,8,0,0,0,0,0,0,0,0,1,0,0,5,0,0,0,0,0,0,0,0,0.5,0,0,0,38,0,8,0,0,0,4,0,0,0,0,0,0,0,0,0.5,2,0,0,3,0,0,0,0,0,0,4,0,0,2,0,0,0,0,0,0,1,0,1,1,0,0,0,5,0,0,0,0,3,0,6.5,0,0,0,0,0,0,0,0,0,0,0,0,0,2,0,post,0.3459955487896035,23
Foggy Cove LOW 2012 10,2012,Foggy Cove LOW 33,135,10,33,Foggy Cove LOW,33,0.5,0,35,0,0,0,0,0,0,0,0,0,0,0.5,0,0,0,0,0,0,0,0,0,0,3,6,0,10,0,0,0,0,2,0,0,0,0,0,0,0.5,10,0,2,0,0,0,0,0,0,0,0,4,0,0,0.5,0,0.5,0,0,0,0,0,0,0,0,0,3,0,0,35,0,0,0,0,0,0,0,0,0.5,0,20,0,5,2,0,0,0,0,3,0,0,0,0,0,0,0,0,0,0,0,0,0,0,0,0.5,0,pre,0.3158858571541036,21
Foggy Cove LOW 2012 2,2012,Foggy Cove LOW 6,107,2,6,Foggy Cove LOW,6,1,0,10,0,0,0,0,0,0,0,0,0,0,0,0,0,0,0,0,0,0,0,0,0,5,4,0,0,0,0,0,0,0,0,0,10,0,0,0,0,0,0,0,0,0,0,2,0,0,0,0,0,0,0,0,0,4,0,0,5,0,0,0,0,0,0,2,0,0,8,0,0,0,0,0,1,7,0,0,0,0,0,0,15,0,3,0,0,5,0,1,0,0,0,0,0,0,0,0,0,0,0,0,0,4,0,pre,0.3844463450136446,17
Foggy Cove LOW 2019 2,2019,Foggy Cove LOW 7,68,2,7,Foggy Cove LOW,7,0.5,0,10,3,0,0,0,0,3.5,0,0,0,0,0,0,6,0,0,0,0,0,0,0,0,3.5,0,0,9,0,0,0,0,0,0,0,3,0,0,0,0,4,0,1,8,0,0,0,0,0,0,0,0.5,0,0,4,6,2,0,0,0,0,0,0,0,0,0,8,0,0,1,0,0,14,0,0,0,0,0,0,0,0,0,0,0,2,0,0,0,0,0,0,0,0,0,0,0,0,0,0,0,0,0,0,0,2,0,post,0.38950117586675564,20
Foggy Cove LOW 2012 3,2012,Foggy Cove LOW 7,68,3,7,Foggy Cove LOW,7,10,0,8,0,0,0,0,0,0,0,0,0,0,0,0,0,0,0,0,0,0,0,0,0,7,8,0,0,0,0,0,0,0,0,0,6,0,0,0,0,0,0,0,5,0,0,5,3,0,0,0,0,0,0,0,0,3,0,0,2,0,0,0,0,0,0,0,0,0,4,0,0,4,0,0,0,12,0,0,0,0,0,0,0,0,0,0,0,2,0,0,0,0,0,0,0,0,0,0,0,0,0,0,0,10,0,pre,0.3501054864973964,15
Foggy Cove LOW 2019 3,2019,Foggy Cove LOW 8,138,3,8,Foggy Cove LOW,8,2,0,0,0,0,0,0,0,2,0,0,0,0,0,0,8,0,0,0,0,0,0,0,0.5,5,0,0,9,0,0,0,0,0,0,0,4,0,14,0,0,44,0,2,0,0,0,9,0.5,0,0,0,0,0,0,0,3,1,0,0,0.5,0,0,0,0,0,0,0,0,0,0,0,0,0,0,0,0,0,0,0,0,0,0,0,3,0,0,0,0,0,0,5,0,0,0,0,0,0,0,0,0,0,0,0,0,0.5,0,post,0.39250812111897015,18
Foggy Cove MID 2012 1,2012,Foggy Cove MID 1,171,1,1,Foggy Cove MID,1,0,0,6,0,0,0,0,0,0,0,1,0,0,0,0,0,0,0,0,0,0,0,0,0,4,0,0,6,0,0,0,0,0,0,0,0,0,0,0,0,78,0,8,0,0,0,13,0,0,0,0,0,0,0,0,23,3,0,0,0,0,0,0,0,0,0,0,0,0,0,0,0,2,0,0,0,3,0,0,0,0,0,30,0,3,0,0,0,0,0,0,0,0,0,0,0,0,0,0,0,0,0,0,0,9,0,pre,0.25850918408468493,14
Foggy Cove MID 2019 2,2019,Foggy Cove MID 12,203,2,12,Foggy Cove MID,12,0,0,0,0,0,0,0,0,0,0,0,0,0,0,0,5,0,0,0,0,0,0,0,0,0,0,0,0,0,0,0,0,0,0,0,0,0,0,0,0,0,0,0,0,0,0,30,0,0,0,0,0,0,0,0,0,0,0,0,0,0,0,0,0,0,0,0,0,0,0,0,0,0,1,0,0,0,0,0,0,0,0,0,0,0,0,0,0,0,0,0,0,0,0,0,0,0,0,0,0,0,0,0,0,0,0,post,0.15952193652127092,3
Foggy Cove MID 2012 3,2012,Foggy Cove MID 13,217,3,13,Foggy Cove MID,13,0,0,0,0,0,0,0,0,0,0,0,0,0,0,0,0,0,0,0,0,0,0,0,0,0,0,0,0,0,0,0,0,0,0,0,0,3,4,0,0,75,0,0,0,0,0,5,0,0,0,0,0,0,0,0,8,0,0,0,0,0,0,0,0,0,0,0,0,0,0,0,0,0,0,0,0,0,0,6,0,0,0,0,0,0,0,0,0,0,0,7,0,0,0,0,0,0,0,0,0,0,0,0,0,0,0,pre,0.08209126844414005,7
Foggy Cove MID 2012 4,2012,Foggy Cove MID 15,160,4,15,Foggy Cove MID,15,0,0,0,0,0,0,0,0,0,0,0,0,0,0,0,25,0,0,0,0,0,0,0,0,0,2,0,0,0,0,0,0,0,0,0,0,1,0,0,0,75,0,2,0,0,0,30,0,0,0,0,0,0,2,0,9,0,0,0,0,0,0,0,0,0,0,0,0,0,4,0,0,3,0,0,0,1,0,0,0,0,0,0,5,0,0.5,0,0,0,0,0,0,0,0,0,0,0,0,0,0,0,0,0,0,1,0,pre,0.33996738539372806,14
Foggy Cove MID 2019 3,2019,Foggy Cove MID 20,182,3,20,Foggy Cove MID,20,0.5,0,0,0,0,0,0,0,0,0,0,0,0,0,0,1,0,0,0,0,0,0,0,0,0,0,0,0,0,0,0,0,0,0,0,0,0,2,0,0,0,0,0,0,0,0,10.5,0,0,0,0,0,0,0,0,0,0,0,0,0,0,0,0,0,0,0,0,0,0,0.5,0,0,0,0,0,0,0,0,0,0,0,0,0,0,0,0,0,0,0,0,0,0,0,0,0,0,0,0,0,0,0,0,0,0,0,0,post,0.3540846482913365,5
Foggy Cove MID 2012 5,2012,Foggy Cove MID 20,182,5,20,Foggy Cove MID,20,0,0,0,0,0,0,0,0,0,0,0,0,0,0,0,0,0,0,0,0,0,0,0,0,6,25,0,0,0,0,0,0,0,0,0,0,0,0.5,0,0,99,0,2,0,0,0,21,0,0,0,0,0,0,0,0,10,1,0,0,0,0,0,0,0,0,0,0,0,0,4,0,0,2,0,0,0,0,0,0,0,1,0,2,0,0,0,0,0,0,0,0,0.5,0,0,0,0,0,0,0,0,0,0,0,0,1,0,pre,0.30143986312703025,14
Foggy Cove MID 2019 4,2019,Foggy Cove MID 23,165,4,23,Foggy Cove MID,23,0,0,0,0,0,0,0,0,0,0,0,0,0,0,0,3,0,0,0,0,0,0,0,0,0,0.5,0,0,0,0,0,0,0,0,0,0,0,16,0,0,0.5,0.5,0.5,0,0,0,4,0,0,0,0,0,0,3,0,2.5,0,0,0.5,0,0,0,0,0,0,0,0,0,0,0,0,0,0.5,0,0,0,0,0,0,0,2,0,0,0,0.5,0,0,0,0,0,0,0,0,0,0,0,0,0,0,0,0,0,0,0,0,0,post,0.38115032203995497,13
Foggy Cove MID 2012 6,2012,Foggy Cove MID 25,165,6,25,Foggy Cove MID,25,0,0,0,0,0,0,0,0,0,0,0,0,0,0,0,0,0,0,0,0,0,0,0,0,0,0,0,0,0,0,0,0,0,0,0,0,0,6,0,0,98,0,4,0,0,0,23,0,0,0,0,0,0,0,0,13,4,0,0,0,0,0,0,0,0,0,0,0,0,0,0,0,9,0,0,0,0,0,0,0,0,0,0,0,11,0,0,0,0,0,0,0,0,1,0,0,0,0,0,0,0,0,0,0,0,0,pre,0.22434702158218983,9
Foggy Cove MID 2019 5,2019,Foggy Cove MID 26,196,5,26,Foggy Cove MID,26,0,0,0,0,0,0,0,0,0,0,0,0,0,0,0,0.5,0,0,0,0,0,0,0,0,0.5,0,0,0,0,0,0,0,0,0,0,0,0,4,0,0,0,1,0.5,0,0,0,5,0,0,0,0,0,0,0,0,0,0,0,0,0,0,0,0,0,0,0,0,0,0,0.5,0,0,0,0,0,0,0,0,1,0,0,0,0,0,0,0,0,0,0,0,0.5,0,0,0,0,0,0,0,0,0,0,0,0,0,0,0,post,0.3037016502936794,9
Foggy Cove MID 2012 7,2012,Foggy Cove MID 30,185,7,30,Foggy Cove MID,30,0,0,0,0,0,0,0,0,0,0,0,0,0,0,0,5,0,0,0,0,0,0,0,0,0,0,0,0,0,0,0,0,0,0,0,0,2,0,0,0,20,0,3,0,0,0,25,0,0,0,0,0,0,0.5,0,8,5,0,0,0,0,0,0,0,0,0,0,0,0,0,0,0,0,0,0,0,0,0,0,0,0,0,0,0,0,0,0,0,0,0,5,0,0,0,0,0,0,0,0,0,0,0,0,0,0.5,0,pre,0.16873241878277823,10
Foggy Cove MID 2012 8,2012,Foggy Cove MID 35,203,8,35,Foggy Cove MID,35,0,0,0,0,0,0,0,0,0,0,0,0,0,0,0,0,0,0,0,0,0,0,0,0,0,5,0,0,0,0,0,0,0,0,0,0,3,0.5,0,0,75,0,0,0,0,0,71,0,0,0,0,0,0,0,0,45,1,0,0,0,0,0,0,0,0,0,0,0,0,0,0,0,0.5,0,0,0,0,0,2,0,0,0,0,0,0,0,0,0,0,0,0,0,0,0,0,0,0,0,0,0,0,0,0,0,0,0,pre,0.2903293949008973,9
Foggy Cove MID 2019 6,2019,Foggy Cove MID 37,207,6,37,Foggy Cove MID,37,0,0,0,0,0,0,0,0.5,0,0,0,0,0,0,0,2,0,0,0,0,0,0,0,0,0,0,0,0,0,0,0,0,0,0,0,0,0,10,0,0,14,0,0,0,0,0,15,0,0,0,0,0,0,0,0,6,0,0,0,0,0,0,0,0,0,0,0,0,0,0,0,0,0,0,0,0,0,0,0,0,0,0,0,0,0,0,0,0,0,0,0.5,0,0,0,0,0,0,0,0,0,0,0,0,0,0,0,post,0.15807035711003412,7
Foggy Cove MID 2019 7,2019,Foggy Cove MID 38,181,7,38,Foggy Cove MID,38,0,0,0,0,0,0,0,0.5,0,0,0,0,0,0,0,0,0,0,0,0,0,0,0,0,0,0,0,0,0,0,0,0,0,0,0,0,0,2,0,0,0,0,0,0,0,0,7,0,0,0,0,0,0,0,0,0,0,0,0,0,0,0,0,0,0,0,0,0,0,0,0,0,0,0,0,0,0,0,0,0,0,0,0,0,0,0,0,0,0,0,0,0.5,0,0,0,0,0,0,0,0,0,0,0,0,0,0,post,0.4308803464110388,4
Foggy Cove MID 2012 9,2012,Foggy Cove MID 38,181,9,38,Foggy Cove MID,38,0,0,0,0,0,0,0.5,0,0,0,0,0,0,0,0,0,0,0,0,0,0,0,0,0,0,0,0,0,0,0,0,0,0,0,0,0,0,0.5,0,0,87,0,0,0,0,0,41,0,0,0,0,1.5,0,0,0,35,0,0,0,0,0,0,0,0,0,0,0,0,0,0,0,0,0,0,0,0,0,0,0,0,0,0,0.5,0,0,0.5,0,0,0,0,0,10,0,0,0,0,0,0,0,0,0,0,0,0,0,0,pre,0.17221044750938658,9
Foggy Cove MID 2019 8,2019,Foggy Cove MID 41,205,8,41,Foggy Cove MID,41,0,0,0,0,0,0,0,0.5,0,0,0,0,0,0,0,0,0,0,0,0,0,0,0,0,0,0,0,0,0,0,0,0,0,0,0,0,0,0,0,0,4,0,0,0,0,0,15,0,0,0,0,0,0,0,0,9,0,0,0,0,0,0,0,0,0,0,0,0,0,0,0,0,0,0,0,0,0,0,0,0,0,0,0,0,0,0,0,0,0,0,1,0,0,0,0,0,0,0,0,0,0,0,0,0,0,0,post,0.08733224131512869,5
Foggy Cove MID 2019 9,2019,Foggy Cove MID 45,195,9,45,Foggy Cove MID,45,0,0,0,0,0,0,0,0.5,0,0,0,0,0,0,0,0,0,0,0,0,0,0,0,0,0,0,0,0,0,0,0,0,0,0,0,0,0,6,0,0,3,0,0,0,0,0,21,0,0,0,0,0,0,0,0,0,0,0,0,0,0,0,0,0,0,0,0,0,0,0,0,0,0,0,0,0,0,0,0.5,0,0,0,0,0,0,0,0,0,0,0,1,0,0,0,0,0,0,0,0,0,0,0,0,0,0,0,post,0.14458085297897527,6
Foggy Cove MID 2012 10,2012,Foggy Cove MID 45,195,10,45,Foggy Cove MID,45,0,0,0,0,0,0,0,0,0,0,0,0,0,0,0,6,0,0,0,0,0,0,0,0,0,0,0,0,0,0,0,0,0,0,0,0,0,2,0,0,60,0,2,0,0,0,30,0,0,0,0,0.5,0,0,0,40,5,0,0,0,0,0,0,0,0,0,0,0,0,0,0,0,0,0,0,0,0,0,3,0,0,0,0,0,0,0,0,0,0,0,0,0,0,0,0,0,0,0,0,0,0,0,0,0,1,0,pre,0.1179761368545108,10
Foggy Cove MID 2019 10,2019,Foggy Cove MID 46,181,10,46,Foggy Cove MID,46,0,0,0,0,0,0,0,0,0,0,0,0,0,0,0,0,0,0,0,0,0,0,0,0,0,0,0,0,0,0,0,0,0,0,0,0,0,14,0,0,11,0,0,0,0,0,0.5,0,0,0,0,0,0,0,0,3,0,0,0,0,0,0,0,0,0,0,0,0,0,0,0,0,0,0,0,0,0,0,0,0,0,0,0,0,0,0,0,0,0,0,0,0,0,0,0,0,0,0,0,0,0,0,0,0,0,0,post,0.11602458746428572,4
Foggy Cove MID 2012 2,2012,Foggy Cove MID 6,165,2,6,Foggy Cove MID,6,0,0,0,0,0,0,0,0.5,0,0,0,0,0,0,0,0,0,0,0,0,0,0,0,0,0,5,0,0,0,0,0,0,0,0,0,0,3,0,0,0,80,0,0.5,0,0,0,23,0,0,0,0,0,0,0,0,23,0,0,0,0,0,0,0,0,0,0,0,0,0,2,0,0,3,0,0,0,0,0,0,0,0,0,0,0,0,0,0,0,0,0,0,0,0,0,0,0,0,0,0,0,0,0,0,0,0.5,0,pre,0.31893931036239553,10
Foggy Cove MID 2019 1,2019,Foggy Cove MID 8,173,1,8,Foggy Cove MID,8,0,0,0,0,0,0,0,0,0,0,0,0,0,0,0,17,0,0,0,0,0,0,0,0,0,0,0,0,0,0,0,0,0,0,0,0,0,3,0,0,0,0,0.5,0,0,0,8,0,0,0,0,0,0,0,0,0,0,0,0,0,0,0,0,0,0,0,0,0,0,0,0,0,0,0,0,0,0,0,0,0,0,0,0,0,0,0,0,0,0,0,0,0,0,0,0,0,0,0,0,0,0,0,0,0,0,0,post,0.21659194522553935,4
North Beach HIGH 2019 1,2019,North Beach HIGH 1,382,1,1,North Beach HIGH,1,0,0,0,0,0,0,0,0,0,0,0,0,0,0,0,0,0,0,0,0,0,0,0,0,0,0,0,0,0,0,0,0,0,0,0,0,0,1,0,0,2,0.5,0,0,0,0,13,0,0,0,0,0,0,0,0,1,0,0,0,0,0,0,0,0,0,0,0,0,0,0,0,0,0,0,0,0,0,0,0,0,0,0,0,0,0,0,0,0,0,0,1.5,0,0,0,0,0,0,0,0,0,0,0,0,0,0,0,post,0.13935711956880314,6
North Beach HIGH 2019 6,2019,North Beach HIGH 11,346,6,11,North Beach HIGH,11,0,0,0,0,0,0,0,0,0,0,0,0,0,0,0,0,0,0,0.5,0,0,0,0,0,0,0,0,0,0,0,0,0,0,0,0,0,0,0,0,0,3,1,0,0,0,0,14,0,0,0,0,0,0,0,0,0,0,0,0,0,0,0,0,0,0,0,0,0,0,0,0,0,0,0,0,0,0,0,1,0,0,0,0,0,0,0,0,0,0,0,0,0,0,0,0,0,0,0,0,0,0,0,0,0,0,0,post,0.18068690076571195,5
North Beach HIGH 2012 4,2012,North Beach HIGH 11,346,4,11,North Beach HIGH,11,0,0,0,0,0,0,0,0,0,0,0,0,0,0,0,0,0,0,0,0,0,0,0,0,0,0,0,0,0,0,0,0,0,0,0,0,0,0.5,0,0,78,0.5,0,0,0,0,18,0,0,0,0,0,0,0,0,0.5,0,0,0,0,0,0,0,0,0,0,0,0,0,0,0,0,0,0,0,0,0,0,0,0,0,0,0,0,0,0,0,0,0,0,9,0,0,0,0,0,0,0,0,0,0,0,0,0,1,0,pre,0.1258309567776776,7
North Beach HIGH 2019 7,2019,North Beach HIGH 13,287,7,13,North Beach HIGH,13,5,0,0,0,0,0,0,0,0,0,0,0,0,0,0,7,0,0,0,0,0,0,0,0,0,1,0,0,0,0,0,0,0,0,0,0,0,0,0,0,25,0,6,0,0,0,50,0,0,0,0,0,0,0,0,5,0,0,0,0,0,0,0,0,0,0,0,0,0,0,0,0,0,0,0,0,0,0,0,0,0,0,0,0,0,0,0,0,0,0,10,0,0,0,0,1,0,0,0,0,0,0,0,0,9,0,post,0.23726972930198212,10
North Beach HIGH 2012 5,2012,North Beach HIGH 15,276,5,15,North Beach HIGH,15,0,0,0,0,0,0,0,0,0,0,0,0,0,0,0,0,0,0,0,0,0,0,0,0,0,0,0,0,0,0,0,0,0,0,0,0,1,0,0,0,80,0.5,0,0,0,0,80,0,0,0,0,0,0,0,0,1,1,0,0,0,0,0,0,0,0,0,0,0,0,0,0,0,0,0,0,0,0,0,0,0,0,0,0,0,0,0,0,0,0,0,7,0,0,0,0,0,0,0,0,0,0,0,0,0,0.5,0,pre,0.13609853743701134,8
North Beach HIGH 2019 8,2019,North Beach HIGH 16,282,8,16,North Beach HIGH,16,0,0,0,0,0,0,0,0,0,0,0,0,0,0,0,0,0,0,0,0,0,0,0,0,0,0,0,0,0,0,0,0,0,0,0,0,0,0,0,0,3,0.5,0,0,0,0,18,0,0,0,0,0,0,0,0,1,0,0,0,0,0,0,0,0,0,0,0,0,0,0,0,0,0,0,0,0,0,0,0,0,0,0,0,0,0,0,0,0,0,0,1,0,0,0,0,0,0,0,0,0,0,0,0,0,0,0,post,0.1489356581631694,5
North Beach HIGH 2012 6,2012,North Beach HIGH 17,303,6,17,North Beach HIGH,17,1,0,0,0,0,0,0,0,0,0,0,0,0,0,0,0,0,0,0,0,0,0,0,0,0,0,0,0,0,0,0,0,0,0,0,0,0,0,0,0,90,0,0,0,0,0,10,0,0,0,0,0,0,0,0,2,0,0,0,0,0,0,0,0,0,0,0,0,0,0,0,0,0,0,0,0,0,0,3,0,0,0,0,0,3,3,0,0,0,0,0,0,0,0,0,0,0,0,0,0,0,0,0,0,0,0,pre,0.15900789150491443,7
North Beach HIGH 2019 9,2019,North Beach HIGH 18,292,9,18,North Beach HIGH,18,0,0,0,0,0,0,0,0,0,0,0,0,0,0,0,0,0,0,0,0,0,0,0,0,0,0,0,0,0,0,0,0,0,0,0,0,0,0,0,0,2,0,0,0,0,0,19,0,0,0,0,0,0,0,0,0,0,0,0,0,0,0,0,0,0,0,0,0,0,0,0,0,0,0,0,0,0,0,0,0,0,0,0,0,0,0,0,0,0,0,0.5,0,0,0,0,0,0,0,0,0,0,0,0,0,0,0,post,0.10292556000926177,3
North Beach HIGH 2012 7,2012,North Beach HIGH 19,201,7,19,North Beach HIGH,19,2,0,0,0,0,0,0,0,5,0,0,0,0,0,0,5,0,0,0,0,0,0,0,0,30,0,0,0,0,0,0,0,0,0,0,0,1,0,0,0,25,0,5,0,0,0,15,0,0,0,0,0.5,0,1,0,0.5,0,0,0,0,0,0,0,2,0,0,0,1,0,0,0,0,0,0,0,0,0,0,0,0,45,0,0,0,0,1,0,0,0,0,10,0,0,0,0,2,0,0,0,0,0,0,0,0,20,0,pre,0.2731004392828118,18
North Beach HIGH 2019 2,2019,North Beach HIGH 2,362,2,2,North Beach HIGH,2,2,0,0,0,0,0,0,0,0,0,0,0,0,0,0,0.5,0,0,0,0,0,0,0,0,0,0,0,0,0,0,0,0,0,0,0,0,0,1,0,0,3,0.5,0.5,0,0,0,23,0,0,0,0,0,0,0,0,0.5,0,0,0,0,0,0,0,0,0,0,0,0,0,0,0,0,0,0,0,0,0,0,0,0,0,0,0,0,0,0,0,0,0,0,8,0,0,0,0,0,0,0,0,0,0,0,0,0,0.5,0,post,0.19396077127974393,10
North Beach HIGH 2019 10,2019,North Beach HIGH 20,219,10,20,North Beach HIGH,20,0,0,0,0,0,0,0,0,0,0,0,0,0,0,0,0,0,0,0,0,0,0,0,0,0,0,0,0,0,0,0,0,0,0,0,0,0,0,0,0,97,0,0,0,0,0,92,0,0,0,0,0,0,0,0,1,0,0,0,0,0,0,0,0,0,0,0,0,0,0,0,0,0,0,0,0,0,0,1,0,0,0,0,0,0,0,0,0,0,0,8,0,0,0,0,0,0,0,0,0,0,0,0,0,0,0,post,0.10960101903665508,5
North Beach HIGH 2012 8,2012,North Beach HIGH 20,219,8,20,North Beach HIGH,20,3,0,0,0,0,0,0,0,0,0,0,0,0,0,0,5,0,0,0,0,0,0,0,0,0,0,0,5,0,0,0,0,0,0,0,0,6,2,0,0,60,0,8,0,0,0,71,0,0,0,0,0,0,0,0,4,0,0,0,0,0,0,0,0,0,0,0,0,0,0,0,0,0,0,0,0,0,0,0,0,0,0,0,0,3,0,0,0,0,0,15,0,0,0,0,0,0,0,0,0,0,0,0,0,5.5,0,pre,0.11759777981567514,12
North Beach HIGH 2012 9,2012,North Beach HIGH 21,230,9,21,North Beach HIGH,21,0,0,0,0,0,0,0,0,0,0,0,0,0,0,0,0,0,0,0,0,0,0,0,0,0,0,0,0,0,0,0,0,0,0,0,0,0,0.25,0,0,48,0.1,0.1,0,0,0,90,0,0,0,0,0,0,0,0,1.5,0,0,0,0,0,0,0,0,0,0,0,0,0,0,0,0,0,0,0,0,0,0,0,0,0,0,0,0,0,0,0,0,0,0,4,0,0,0,0,0,0,0,0,0,0,0,0,0,0,0,pre,0.1406008428123935,7
North Beach HIGH 2012 10,2012,North Beach HIGH 22,224,10,22,North Beach HIGH,22,0,0,0,0,0,0,0,0,0,0,0,0,0,0,0,5,0,0,0,0,0,0,0,0,0,0,0,2,0,0,0,0,0,0,0,0,2,1,0,0,30,3,4,0,0,0,71,0,0,0,0,0,0,0,0,2,1,0,0,0,0,0,0,0,0,0,0,0,0,0,0,0,0,0,0,0,0,0,0,0,0,0,0,0,0,0,0,0,0,0,10,0,0,0,0,0,0,0,0,0,0,0,0,0,3,0,pre,0.14950710559114014,12
North Beach HIGH 2019 3,2019,North Beach HIGH 3,341,3,3,North Beach HIGH,3,0,0,0,0,0,0,0,0,0,0,0,0,0,0,0,0,0,0,0,0,0,0,0,0,0,0,0,0,0,0,0,0,0,0,0,0,0,0,0,0,0,0,0,0,0,0,0.5,0,0,0,0,0,0,0,0,0,0,0,0,0,0,0,0,0,0,0,0,0,0,0,0,0,0,0,0,0,0,0,0.5,0,0,0,0,0,0,0,0,0,0,0,0,0,0,0,0,0,0,0,0,0,0,0,0,0,0,0,post,0.08313222613847372,2
North Beach HIGH 2012 1,2012,North Beach HIGH 5,319,1,5,North Beach HIGH,5,1,0,0,0,0,0,0,0,0,0,0,0,0,0,0,0,0,0,0,0,0,0,0,0,0,0,0,0,0,0,0,0,0,0,0,0,2,5,0,0,27,0,3,0,0,0,50,0,0,0,0,0,0,0,0,5,0,0,0,0,0,0,0,0,0,0,0,0,0,0,0,0,0,0,0,0,0,0,0,0,0,0,0,0,0,0,0,0,0,0,22,0,0,0,0,0,0,0,0,0,0,0,0,0,2.5,0,pre,0.09851338573314376,9
North Beach HIGH 2019 4,2019,North Beach HIGH 7,334,4,7,North Beach HIGH,7,0.5,0,0,0,0,0,0,0,0,0,0,0,0,0,0,0,0,0,0,0,0,0,0,0,0,0,0,0,0,0,0,0,0,0,0,0,0,1,0,0,6,0,0.5,0,0,0,41,0,0,0,0,0,0,0,0,0,0,0,0,0,0,0,0,0,0,0,0,0,0,0,0,0,0,0,0,0,0,0,0,0,0,0,0,0,0,0,0,0,0,0,2,0,0,0,0,1,0,0,0,0,0,0,0,0,0,0,post,0.16064846573823074,7
North Beach HIGH 2012 2,2012,North Beach HIGH 8,379,2,8,North Beach HIGH,8,0,0,0,0,0,0,0,0,0,0,0,0,0,0,0,0,0,0,0,2,0,0,0,0,0,0,0,0,0,0,0,0,0,0,0,0,0,0.1,0,0,27,1,0,0,0,0,51,0,0,0,0,0,0,0,0,3.5,0,0,0,0,0,0,0,0,0,0,0,0,0,0,0,0,0,0,0,0,0,0,4,0,0,0,0,0,0,0,0,0,0,0,7,0,0,0,0,0,0,0,0,0,0,0,0,0,0,0,pre,0.11616677942391841,8
North Beach HIGH 2019 5,2019,North Beach HIGH 9,291,5,9,North Beach HIGH,9,0,0,0,0,0,0,0,0,0,0,0,0,0,0,0,0,0,0,2,0,0,0,0,0,0,0,0,0,0,0,0,0,0,0,0,0,0,1,0,0,14,0,0.5,0,0,0,9,0,0,0,0,0,0,0,0,0,0,0,0,0,0,0,0,0,0,0,0,0,0,0,0,0,0,0,0,0,0,0,1,0,0,0,0,0,0,0,0,0,0,0,12.5,0,0,0,0,0,0,0,0,0,0,0,0,0,0.5,0,post,0.17330768901292812,8
North Beach HIGH 2012 3,2012,North Beach HIGH 9,291,3,9,North Beach HIGH,9,0,0,0,0,0,0,0,0,0,0,0.1,0,0,0,0,4,0,0,0,0,0,0,0,0,0,0,0,0,0,0,0,0,0,0,0,0,9,0,0,0,96,0,0.5,0,0,0,17,0,0,0,0,0,0,0,0,8,3,0,0,0,0,0,0,0,0,0,0,0,0,0,0,0,0,0,0,0,0,0,0,0,0,0,0,0,0,0,0,0,0,0,11,0,0,0,0,0,0,0,0,0,0,0,0,0,2,0,pre,0.1280511141115807,10
North Beach LOW 2012 1,2012,North Beach LOW 1,156,1,1,North Beach LOW,1,0,0,10,0,0,0,0,0,12,0,4,0,0,0,0,4,0,0,0,0,0,0,0,0,27,0,0,0,0,0,0,0,0,0,0,0,0,0,0,0,0,0,0,0,50,0,28,1,0,0,0,0,0,3,0,0,1,0,0,0,0,0,0,0,0,0,0,0,0,0,0,0,0,0,0,0,0,0,20,0,0,0,0,0,0,0,0,0,0,0,0,0.5,0,0,0,0,0,0,0,0,0,0,0,0,0,0,pre,0.29818020317507044,12
North Beach LOW 2019 6,2019,North Beach LOW 10,132,6,10,North Beach LOW,10,0,0,100,0,0,0,0,0,16,0,1,0,0,0,0,0,0,0,0,0,0,0,0,0,23,7,0,0,0,0,0,0,0,0,0,0,0,0,0,0,0,0,0.5,0,100,0,7,3,0,0,0,0,0,2,0,0,0,0,0,2,0,0,0,0,0,0,0,0.5,0,0,0,0,0.5,0,0,0,0,0,0,0,0,0,0,0,0,0,0,0,0,0,0,0,0,0,0,0,0,0,0,0,0,0,0,0,0,0,post,0.3252650198566024,13
North Beach LOW 2019 7,2019,North Beach LOW 11,150,7,11,North Beach LOW,11,0,0,97,0,0,0,0,0,31,0,0,0,0,0,0,0,0,0,0,0,0,0,0,0,12,4,0,0,0,0,0,0,0,0.5,0,0,0,0,0,0,0,0,0,0,56,0,9,0,0,0,0,0,0,12,0,3,0,0,0,0,0,0,0,0,0,0,0,2,0,0,0,0,0,0,0,0,0,0,0,0,0,0,0,0,0,0,0,0,0,0,1,0.5,0,0,0,0,0,0,0,0,0,0,0,0,0,0,post,0.39957294658720227,12
North Beach LOW 2012 6,2012,North Beach LOW 13,90,6,13,North Beach LOW,13,0,0,80,0,0,0,0,0,18,0,0,0,0,0,0,0,0,0,0,0,0,3,0,0,30,8,0,0,0,0,0,0,0,0,0,2,0,0,0,0,0,0,0,0,0,0,6,1,0,0,0,0,0,0,0,0,0,0,0,15,0,0,0,0,0,0,0,0.5,0,0,0,0,0,0,0,0,0,0,0,0,0,0,0,0,0,0,0,0,0,0,0,0,0,0,0,0,0,0,0,0,0,0,0,0,0,0,pre,0.3107534667209733,10
North Beach LOW 2012 7,2012,North Beach LOW 14,110,7,14,North Beach LOW,14,0,0,20,0,0,0,0,0,20,0,0,0,0,0,0,0,0,0,0,0,0,1,0,0,21,4,0,0,0,0,0,0,0,0,0,0,0,0,0,0,0,0,0,0,60,0,10,20,0,0,0,0,0,0,0,0,0,0,0,15,0,0,0,0,0,0,0,0,0,0,0,0,8,0,0,0,0,0,0,0,0,0,0,0,0,0,0,0,0,0,0,0,0,0,1,0,0,0,0,0,0,0,0,0,0,0,pre,0.27962532415064717,11
North Beach LOW 2019 8,2019,North Beach LOW 15,109,8,15,North Beach LOW,15,0,0,100,0,0,0,0,0,10,0,0,0,0,0,0,4,0,0,0,0,0,0,0,0,10,7,0,0,0,0,0,0,0,0,0,0,0,0,0,0,0,0,0,30,0,0,4,1,0,0,0,0,0,0,0,0,0,0,0,0,0,0,0,0,0,0,0,0,0,0,0,0,0,0,0,0,0,0,0,1,0,0,0.5,0,0,0,0,0,0,0,0,0,0,0,0,0,0,0,0,0,0,0,0,0,0,0,post,0.2863262721714091,10
North Beach LOW 2012 8,2012,North Beach LOW 17,148,8,17,North Beach LOW,17,0.5,0,65,0,0,0,0,0,5,0,1,0,0,0,0,7,0,0,0,0,0,0,0,0,7,5,0,0,0,0,0,0,0,0,0,0,0,0,0,0,0,0,0.5,0,35,0,75,5,0,0,0,0,0,0,0,2,0,0,0,10,0,0,0,1,0,0,0,0,0,0,0,0,2,0,0,0,0,0,1,0,0,0,1,0,0,0,0,0,0,0,0.5,0,0,0,0,0,0,0,0,0,0,0,0,0,0,0,pre,0.3367536985172399,18
North Beach LOW 2012 9,2012,North Beach LOW 18,171,9,18,North Beach LOW,18,0.5,0,40,0,0,0,0,0,10,0,1,0,0,0,0,1,0,0,0,0,0.5,0,0,0,4,5,0,0,0,0,0,0,0,0,0,0,0,0,0,0,4,0,1,0,7,0,35,0,0,0,0,0.5,0,0,0,6,2,0,0,4,0,0,0,0,0,0,0,0,0,0,0,0,0.5,0,0,0,0,0,5,0,0,0,12,0,0,0,0,0,0,0,1,0,0,0,0,0,0,0,0,0,0,0,0,0,1,0,pre,0.31336870820130464,21
North Beach LOW 2019 9,2019,North Beach LOW 19,137,9,19,North Beach LOW,19,0.5,0,58,0,0,0,0,0,13,0,1,0,0,0,0,0,0,0,0,0,3,0,0,0,0,0.5,0.5,0,0,0,0,0,0,1,0,0,0,0,0,0,1,0,1,0,58,0,7,0,0,0,0,0,0,0,0,0,0,0,0,7,0,0,0,3,0,0,0,1,0,0,0,0,23,0,0,0,0,0,5,0,0,0,3,0,0,3,0,0,0,0,0,1.5,0,0,0,0,0.5,0.5,0,0,0,0,0,0,0.5,0,post,0.35102884025800024,23
North Beach LOW 2019 1,2019,North Beach LOW 2,122,1,2,North Beach LOW,2,0,0,0.5,0,0,0,0,0,20,0,0,0,0,0,0,0,0,0,0,0,0,0,0,0,13,32,0,0,0,0,0,0,0,2,0,0,0,0,0,0,0,0,0,0,100,0,6,0.5,0.5,0,0,0,0,3,0,0,0,0,0,0,0,0,0,0,0,0,0,0,0,0,0,0,0,0,0,0,0,0,0,1,0,0,0,0,0,0,0,0,0,0,3,0,0,0,0,0,0.5,0,0,0,0,0,0,0,0,1,post,0.37587534568765985,14
North Beach LOW 2012 2,2012,North Beach LOW 2,122,2,2,North Beach LOW,2,0,0,25,0,0,0,0,0,32,0,0,0,0,0,0,6,0,0,0,0,0,7,0,0,10,5,0,0,0,0,0,0,0,0,0,0,0,0,0,0,0,0,0,0,75,0,8,0,0,0,0,0,0,10,0,0,0,0,0,0,0,0,0,0,0,0,0,0,0,0,0,0,0,0,0,0,0,0,3,0,0,0,0,0,0,0,0,0,0,0,0,0,0,0,0,0,0,0,0,0,0,0,0,0,0,0,pre,0.35074408747271124,10
North Beach LOW 2019 10,2019,North Beach LOW 21,130,10,21,North Beach LOW,21,0,0,100,0,0,0,0,0,7,0,0,0,0,0,0,0,0,1,0,0,0,0,0,0,10,6,0,0,0,0,0,0,0,0,0,0,0,0,0,0,0,0,0,25,0,0,6,1,0,0,0,0,0,0,0,0,0,0,0,3,0,0,0,0,0,0,0,1,0,0,0,0,50,0,0,0,0,0,0,1,0,0,0,0.5,0,0,0,0,0,0,0,0,0,0,0,0,0,0,0,0,0,0,0,0,0,0,post,0.31045499944157584,13
North Beach LOW 2012 10,2012,North Beach LOW 22,139,10,22,North Beach LOW,22,0,0,80,0,0,0,0,0,6,0,0,0,0,0,0,4,0,0,0,0,0,0,0,0,10,2,0,0,0,0,0,0,0,0,0,0,0,0,0,0,0,0,0,0,20,0,1,45,0,0,0,0,0,0,0,0,0,0,0,40,0,0,0,0,0,0,0,0,0,0,0,0,18,0,0,0,0,0,6,0,0,0,0,0,0,0,0,0,0,0,0,0,0,0,0,0,0,0,0,0,0,0,0,0,0,0,pre,0.3714342257021065,11
North Beach LOW 2019 2,2019,North Beach LOW 3,97,2,3,North Beach LOW,3,0,0,0,0,0,0,0,0,10,1,0,0,0,0,0,0,0,0,0,0,0,3,0,0,13,6,0,0,0,0,0,0,0,6,0,0,0,0,0,0,0,0,0.5,0,100,0,7,1,0,0,0,0,0,4,0,0,0,0,0,0,0,0,0,0,0,0,0,1,0,0,0,0,0,0,0,0,0,0,0,3,0,0,0,0,0,0,0,0,0,0,3,0,0,0,0,0,0,0,0,0,0,0,0,0,0,0,post,0.373747255647443,14
North Beach LOW 2012 3,2012,North Beach LOW 3,97,3,3,North Beach LOW,3,0,0,60,0,0,0,0,0,20,0,0,0,0,0,0,4,0,0,0,0,0,0,0,0,33,5,0,0,0,0,0,0,0,0,0,0,0,0,0,0,0,0,0,0,25,0,10,0,0,0,0,0,0,5,0,0,0,0,0,0,0,0,0,0,0,0,0,0,0,0,0,0,0,0,0,0,0,0,0,0,0,0,0,0,0,0,0,0,0,0,0,0,0,0,0,0,0,0,0,0,0,0,0,0,0,0,pre,0.2956862794596798,8
North Beach LOW 2019 3,2019,North Beach LOW 4,106,3,4,North Beach LOW,4,0,0,2,0,0,0,0,0,32,0,0,0,0,0,0,0,0,0,0,0,0,0,0,0,33,6,0,0,0,0,0,0,0,22,0,0,0,0,0,0,0,0,0,0,100,0,1.5,1,0,2,0,0,0,4,0,0,0,0,0,3,0,0,0,0,0,0,0,4,0,0,0,0,0,0,0,0,0,0,0.5,0,0.5,0,0,0,0,0.5,0,0,0,0,0,0.5,0,0,0,0,0.5,0,0,0,0,0,0,0,0,0,post,0.31780230304391666,17
North Beach LOW 2019 4,2019,North Beach LOW 5,95,4,5,North Beach LOW,5,0,0,0.5,0,0,0,0,0,8.5,0,0.5,0,0,0,0,0,0,3,0,0,0,1,0,0,19,17,0,0,0,0,0,0,0,1,0,0,0,0,0,0,0,0,0,0,99,0,13,3,0,0,0,0,0,4,0,0,0,0,0,0,0,0,0,0,0,0,0,2,0,0,0,0,0,0,0,0,0,0,0,0,5,0,0,0,0,0,0,0,0,0,0,12,0,0,0,0,1,0,0,0,0,0,0,0,0,0,post,0.31380167294301825,16
North Beach LOW 2012 4,2012,North Beach LOW 5,95,4,5,North Beach LOW,5,0,0,95,0,0,0,0,0,15,0,0,0,0,0,0,0,0,0,0,0,0,9,0,0,30.5,12,0,0,0,0,0,0,0,0,0,0,0,0,0,0,0,0,0,0,0,0,12,0.5,0,0,0,0,0,0,0,0,0,0,0,2,0,0,0,0,0,0,0,0,0,0,0,0,0,0,0,0,0,0,0,0,0,0,0,0,0,4,0,0,0,0,0,0,0,0,0,0,0,0,0,0,0,0,0,0,0,0,pre,0.28711559071060083,9
North Beach LOW 2019 5,2019,North Beach LOW 8,96,5,8,North Beach LOW,8,0,0,0,0,0,0,0,0,18,8,0,0,0,0,0,0,0,0,0,0,0,0.5,0,0,19,2,0,0,0,0,0,0,0,2,0,0,0,0,0,0,0,0,0,0,94,0,8,1,0,0,0,0,0,1,0,0,0,0,0,0,0,0,0,0,0,0,0,1,0,0,0,0,0,0,0,0,0,0,0,2,50,0,0,0,0,0,0,0,0,0,0.5,0,0,0,0,0,0,0,0,13,0,0,0,0,0.5,2,post,0.37419565707250996,17
North Beach LOW 2012 5,2012,North Beach LOW 9,114,5,9,North Beach LOW,9,0,0,100,0,0,0,0,0,32,0,0,0,0,0,0,0,0,0,0,0,0,0,0,0,13,1,0,0,0,0,0,0,0,0,0,0,0,0,0,0,0,0,0,5,50,0,0.5,30,0,0,0,0,0,0,0,0,0,0,0,20,0,0,0,0,0,0,0,0,0,0,0,0,5,0,0,0,0,0,0,0,0,0,0,0,0,0,0,0,0,0,0,0,0,0,0,0,0,0,0,0,0,0,0,0,0,0,pre,0.27962532415064717,10
North Beach MID 2019 1,2019,North Beach MID 1,273,1,1,North Beach MID,1,2,0,3,0,0,0,0,0,0,0,0,0,0,0,0,3,0,0,0,0,0,0,0,0,6,0,0,0,0,0,0,0,0,0,0,0,0,1,0,0,70,0,4,0,0,0,35,0,0,0,0,0.5,0,0,0,6,0,0,0,0,0,0,0,8,0,0,0,0,0,0,0,0,0,0,0,0,0,0,0.5,0,0,0,0,0,0,0,0,0,0,0,36,0,0,0,0,0,0,0,0,0,0,0,0,0,0.5,0,post,0.2625449743522466,14
North Beach MID 2012 1,2012,North Beach MID 1,273,1,1,North Beach MID,1,0.5,0,25,0,0,0,0,0,0,0,6,0,0,0,0,6,0,0,0,0,0,0,0,0,0,0,0,0,0,0,0,0,0,0,0,0,0,0,0,0,25,0,8,0,0,0,10,0,0,0,0,0,0,0,0,2,10,0,0,0,0,0,0,9,0,0,0,0,0,0,0,0,0,0,0,0,0,0,6,0,0,0,0,0,1,0,0,0,0,0,8,0,0,0,0,2,0,0,0,0,0,0,0,0,1,0,pre,0.16368845772934285,15
North Beach MID 2019 3,2019,North Beach MID 11,278,3,11,North Beach MID,11,2,0,0,0,0,0,0,0,0,0,0,0,0,0,0,0,0,0,0,0,0,0,2,0,3,0,0,0,0,0,0,0,0,0,0,0,0,0,0,0,10,0,2,0,0,0,29,0,0,0,0,0,0,0,0,0,0,0,0,0,0,0,0,0,0,0,0,0,0,0,0,0,0,0,0,0,0,0,0,0,0,0,0,0,9,0,0,0,0,0,22,0,0,0,0,0,0,0,0,0,0,0,0,0,2,0,post,0.2040079983059238,9
North Beach MID 2012 3,2012,North Beach MID 11,278,3,11,North Beach MID,11,0,0,1,0,0,0,0,0,0,0,0,0,0,0,0,0,0,0,4,0,0,0,0,0,8,0,0,0,0,0,0,0,0,0,0,0,2,0.5,0,0,30,0,5,0,0,0,85,0,0,0,0,4,0,0,0,0,0,0,0,0,0,0,0,0,0,0,0,0,0,0,0,0,0,0,0,0,0,0,3,0,0,0,0,0,0,0,0,0,0,0,0,0,0,0,0,0,0,0,0,0,0,0,0,0,0,0,pre,0.22381419204166736,10
North Beach MID 2012 4,2012,North Beach MID 12,275,4,12,North Beach MID,12,0.1,0,0,0,0,0,0,0,0,0,0,0,0,0,0,0,0,0,0,0,0,0,0,0,0,0,0,1,0,0,0,0,0,0,0,0,0,0.25,0,0,20,1,0,0,0,0,86,0,0,0,0,0,0,0,0,3,0,0,0,0,0,0,0,0,0,0,0,0,0,0,0,0,0,0,0,0,0,0,4,0,0,0,0,0,0,0,0,0,0,0,5,0,0,0,0,0,0,0,0,0,0,0,0,0,0.5,0,pre,0.1428947722664219,10
North Beach MID 2012 5,2012,North Beach MID 13,278,5,13,North Beach MID,13,0,0,2,1,0,0,0,0,0,0,0,0,0,0,0,4,0,0,1,0,0,0,0,0,25,0,0,0,0,0,0,0,0,0,0,0,0,0.5,0,0,15,0,5,0,0,0,25,0,0,0,0,5,0,0,0,0.5,0,0,0,0,0,0,0,0,0,0.5,0,0,0,0,0,0,0,0,0,0,0,0,5,0,0,0,0,0,0,0,0,0,0,0,4,0,0,0,0,3,0,0,0,0,0,0,0,0,0,0,pre,0.2008957938517896,15
North Beach MID 2012 6,2012,North Beach MID 15,275,6,15,North Beach MID,15,0.25,0,0,0,0,0,0,0,0,0,0,0,0,0,0,4,0,0,2.5,0,0,0,0,0,5,0,0,0,0,0,0,0,0,0,0,0,0,0.5,0,0,2.5,3,5,0,0,0,22,0,0,0,0,4,0,0,0,0,0,0,0,0,0,0,0,0,0,0.1,0,0,0,0,0,0,0,0,0,0,0,0,7,0,0,0,0,0,2,0,0,0,0,0,25,0,0,0,0,3.5,0,0,0,0,0,0,0,0,0.5,0,pre,0.1754834701358052,16
North Beach MID 2019 4,2019,North Beach MID 16,253,4,16,North Beach MID,16,0,0,0.5,0,0,0,0,0,0.5,0,0,0,0,0,0,0,0,0,0.5,0,0,0,0,0,8,0,0,0,0,0,0,0,0,0,0,0,0,1,0,0,10,0,0.5,0,0,0,25,0,0,0,0,0.5,0,0,0,0,0,0,0,0,0,0,0,0,0,0,0,0,0,0,0,0,0,0,0,0,0,0,0.5,0,0,0,0,0,0,0,0,0,0,0,16,0,0,0,0,15,0,0,0,0,0,0,0,0,1,0,post,0.3182408075423525,13
North Beach MID 2019 5,2019,North Beach MID 17,260,5,17,North Beach MID,17,0,0,0,0,0,0,0,0,0,0,0,0,0,0,0,1,0,0,1,0,0,0,0,0,0,0,0,0,0,0,0,0,0,0,0,0,0,1,0,0,0,0,0,0,0,0,17,0,0,0,0,0,0,0,0,0,0,0,0,0,0,0,0,0,0,0,0,0,0,0,0,0,0,0,0,0,0,0,0,0,0,0,0,0,3,0,0,0,0,0,6,0,0,0,0,0,0,0,0,0,0,0,0,0,0,0,post,0.17111803884543286,6
North Beach MID 2019 6,2019,North Beach MID 18,267,6,18,North Beach MID,18,0,0,0,0,0,0,0,0,0,0,0,0,0,0,0,0,0,0,0.5,0,0,0,0.5,0,2,0,0,0,0,0,0,0,0,0,0,0,0,0,0,0,0,1,0.5,0,0,0,20,0,0,0,0,0,0,0,0,0,0,0,0,0,0,0,0,0,0,0,0,0,0,0,0,0,0,0,0,0,0,0,0,0,0,0,0,0,5,0,0,0,0,0,9,0,0,0,0,0,0,0,0,0,0,0,0,0,0.5,0,post,0.24473820182007985,9
North Beach MID 2019 7,2019,North Beach MID 19,279,7,19,North Beach MID,19,2,0,0,0,0,0,0,0,0.5,0,0,0,0,0,0,0,0,0,0,0,0,0,5,0,19,0,0,0,0,0,0,0,0,0,0,0,0,0.5,0,0,0,0.5,0.5,0,0,0,9,0,0,0,0,0,0,0,0,0,0,0,0,0,0,0,0,1,0,0,0,0,0,0,0,0,0,0,0,0,0,0,0,0,17,0,0,0,0,2,0,0,0,0,1,0,0,0,0,0,0,0,0,0,0,0,0,0,0,0,post,0.3673483446015555,12
North Beach MID 2012 7,2012,North Beach MID 19,279,7,19,North Beach MID,19,0,0,0,0,0,0,0,0,4,0,0,0,0,0,0,0,0,0,2,0,0,0,0,0,35,0,0,0,0,0,0,0,0,0,0,0,0,1,0,0,2,0.5,1,0,0,0,30,0,0,0,0,5,0,0,0,0,0,0,0,0,0,0,0,4,0,0,0,0,0,0,0,0,0,0,0,0,0,0,4,0,10,0,0,0,0,0,0,0,0,0,38,5,0,0,0,0,0,0,0,0,0,0,0,0,1,0,pre,0.2717695068958801,15
North Beach MID 2019 8,2019,North Beach MID 20,279,8,20,North Beach MID,20,0,0,0,0,0,0,0,0,0,0,0,0,0,0,0,0,0,0,3,0,0,0,1,0,1,0,0,0,0,0,0,0,0,0,0,0,0,0,0,0,1,1,0,0,0,0,16,0,0,0,0,0,0,0,0,0,0,0,0,0,0,0,0,0,0,0,0,0,0,0,0,0,0,0,0,0,0,0,0,0,0,0,0,0,0,0,0,0,0,0,8,0,0,0,0,0,0,0,0,0,0,0,0,0,0,0,post,0.2530769973354183,7
North Beach MID 2012 8,2012,North Beach MID 20,279,8,20,North Beach MID,20,0,0,0,0,0,0,0,0,3,0,0,0,0,0,0,0,0,0,0,0,5,0,0,0,5,0,0,0,0,0,0,0,0,0,0,0,1,0,0,0,20,1,4,0,0,0,85,0,0,0,0,0,0,0,0,3,0,0,0,0,0,0,0,0,0,0,0,0,0,0,0,0,0,0,0,0,0,0,2,0,0,0,0,0,0,2,0,0,0,0,30,4,0,0,0,0,0,0,1,0,0,0,0,0,1,0,pre,0.25393329273407467,15
North Beach MID 2019 9,2019,North Beach MID 21,285,9,21,North Beach MID,21,0,0,0,0,0,0,0,0,0,0,0,0,0,0,0,0,0,0,2,0,0,0,2,0,4,0,0,0,0,0,0,0,0,0,0,0,0,1,0,0,2,0.5,0,0,0,0,54,0,0,0,0,0,0,0,0,0.5,0,0,0,0,0,0,0,0,0,0,0,0,0,0,0,0,0,0,0,0,0,0,0,0,0,0,0,0,0,0,0,0,0,0,8.5,0,0,0,0,0,0,0,0,0,0,0,0,0,0.5,0,post,0.2228192899792122,10
North Beach MID 2012 9,2012,North Beach MID 21,285,9,21,North Beach MID,21,0,0,0,0,0,0,0,0,0.5,0,0,0,0,0,0,0,0,0,1,0,0,0,0,0,15,0,0,0,0,0,0,0,0,0,0,0,0,0,0,0,30,0,2,0,0,0,90,0,0,0,0,0,0,0,0,1,0,0,0,0,0,0,0,0,0,0,0,0.5,0,0,0,0,0,0,0,0,0,0,0,0,0,0,0,0,0,0,0,0,0,0,2,0,0,0,0,0,0,0,0,0,0,0,0,0,0.5,0,pre,0.30079927042915017,10
North Beach MID 2019 10,2019,North Beach MID 24,278,10,24,North Beach MID,24,6,0,2,0,0,0,0,0,0,0,0,0,0,0,0,10,0,0,0,0,0,0,0,0,0,0,0,0,0,0,0,0,0,0,0,0,0,0,0,0,8,0,0.5,0,0,0,54,0,0,0,0,0,0,0,0,0.5,0,0,0,0,0,0,0,0,0,0,0,0,0,0,0,0,0,0,0,0,0,0,0,0,0,0,0,0,0,0,0,0,0,0,51,0,0,0,0,1,0,0,0,0,0,0,0,0,0.5,0,post,0.25285113860975217,10
North Beach MID 2012 10,2012,North Beach MID 24,278,10,24,North Beach MID,24,0.5,0,0,0,0,0,0,0,0,0,0,0,0,0,0,20,0,0,0,0,0,0,0,0,0,0,0,0,0,0,0,0,0,0,0,0,1,0,0,0,50,0,0.5,0,0,0,85,0,0,0,0,0,0,0,0,2,0,0,0,0,0,0,0,0,0,0,0,0,0,0,0,0,0,0,0,0,0,0,0,0,0,0,0,0,0,0,0,0,0,0,12.5,0,0,0,0,0.5,0,0,0,0,0,0,0,0,1,0,pre,0.09286534711103354,10
North Beach MID 2019 2,2019,North Beach MID 8,207,2,8,North Beach MID,8,2,0,3,0.5,0,0,0,0,0,0,0,0,0,0,0,0,0,0,0,0,0,0,0,0,4,0,0,1,0,0,0,0,0,0,0,0,0,3,0,0,0,0,22,0,0,0,3,0,0,0,0,0,0,0,0,0,0,0,0,0,0,0,0,4,0,0,0,0,0,0,0,0,0,0,0,0,0,0,0,0,0,0,1,0,0,0,0,0,0,0,40,0,0,0,0,0,0,0,2,0,0,0,0,0,0.5,0,post,0.2756777379472425,13
North Beach MID 2012 2,2012,North Beach MID 9,200,2,9,North Beach MID,9,0.5,0,95,0,0,0,0,0,0,0,14,0,0,0,0,7,0,0,0,0,0,0,0,0,45,0,0,0,0,0,0,0,0,0,0,0,0,0,0,0,0,0,1.5,0,0,0,3,7,0,0,0,1,0,0,0,0,0,0,0,0,0,0,0,9.5,0,0,0,0,0,0,0,0,0,0,0,0,0,0,6,0,0,0,0,0,0,0,0,0,0,0,0,0,0,0,0,0,0,0,0,0,0,0,0,0,1,0,pre,0.22357902612316433,12
